Destination,Export,Type,Year,Latitude,Longitude
Vietnam,43.0136,White Pepper,2018,21.75,105.373
Vietnam,49.442,White Pepper,2017,21.75,105.373
Vietnam,56.74799477,White Pepper,2016,21.75,105.373
Vietnam,52.3343348,White Pepper,2015,21.75,105.373
Vietnam,27.667335,White Pepper,2014,21.75,105.373
Vietnam,20.306845,White Pepper,2013,21.75,105.373
Vietnam,16.413934,White Pepper,2012,21.75,105.373
Vietnam,3.8886,Seaweed and other Algae,2018,21.75,105.373
Vietnam,2.5318,Seaweed and other Algae,2017,21.75,105.373
Vietnam,0.5771,Seaweed and other Algae,2016,21.75,105.373
Vietnam,4.0104,Seaweed and other Algae,2015,21.75,105.373
Vietnam,3.5913,Seaweed and other Algae,2014,21.75,105.373
Vietnam,1.0828,Seaweed and other Algae,2013,21.75,105.373
Vietnam,4.9297,Seaweed and other Algae,2012,21.75,105.373
Vietnam,73.0127,Fruit,2018,21.75,105.373
Vietnam,87.1333,Fruit,2017,21.75,105.373
Vietnam,91.2345,Fruit,2016,21.75,105.373
Vietnam,83.1654,Fruit,2015,21.75,105.373
Vietnam,57.9264,Fruit,2014,21.75,105.373
Vietnam,33.5937,Fruit,2013,21.75,105.373
Vietnam,23.594841,Fruit,2012,21.75,105.373
Vietnam,57.5171,"Drug Plants, Aromatic, Spices",2018,21.75,105.373
Vietnam,47.5992,"Drug Plants, Aromatic, Spices",2017,21.75,105.373
Vietnam,28.1707,"Drug Plants, Aromatic, Spices",2016,21.75,105.373
Vietnam,32.1772,"Drug Plants, Aromatic, Spices",2015,21.75,105.373
Vietnam,34.7344,"Drug Plants, Aromatic, Spices",2014,21.75,105.373
Vietnam,36.2126,"Drug Plants, Aromatic, Spices",2013,21.75,105.373
Vietnam,35.060665,"Drug Plants, Aromatic, Spices",2012,21.75,105.373
Vietnam,9.6697,Black Pepper,2018,21.75,105.373
Vietnam,16.1346,Black Pepper,2017,21.75,105.373
Vietnam,61.44146742,Black Pepper,2016,21.75,105.373
Vietnam,124.6016845,Black Pepper,2015,21.75,105.373
Vietnam,16.927679,Black Pepper,2014,21.75,105.373
Vietnam,55.462222,Black Pepper,2013,21.75,105.373
Vietnam,83.600115,Black Pepper,2012,21.75,105.373
Vietnam,25.986,Bird Nest,2018,21.75,105.373
Vietnam,19.0873,Bird Nest,2017,21.75,105.373
Vietnam,6.522939021,Bird Nest,2016,21.75,105.373
Vietnam,5.917148362,Bird Nest,2015,21.75,105.373
Vietnam,6.806947,Bird Nest,2014,21.75,105.373
Vietnam,3.586958,Bird Nest,2013,21.75,105.373
Vietnam,0.00309,Bird Nest,2012,21.75,105.373
Vietnam,336.4,4-Wheel Motor Vehicle and more,2018,21.75,105.373
Vietnam,297,4-Wheel Motor Vehicle and more,2017,21.75,105.373
Vietnam,102.1,4-Wheel Motor Vehicle and more,2016,21.75,105.373
Vietnam,50.6,4-Wheel Motor Vehicle and more,2015,21.75,105.373
Vietnam,31.8,4-Wheel Motor Vehicle and more,2014,21.75,105.373
Vietnam,32.8,4-Wheel Motor Vehicle and more,2013,21.75,105.373
Vietnam,17.8,4-Wheel Motor Vehicle and more,2012,21.75,105.373
United States,9.4245,White Pepper,2018,40.0792,-98.8164
United States,20.2424,White Pepper,2017,40.0792,-98.8164
United States,29.33835985,White Pepper,2016,40.0792,-98.8164
United States,26.28941091,White Pepper,2015,40.0792,-98.8164
United States,19.782351,White Pepper,2014,40.0792,-98.8164
United States,30.249434,White Pepper,2013,40.0792,-98.8164
United States,34.119302,White Pepper,2012,40.0792,-98.8164
United States,842.7,Sport Shoes,2018,40.0792,-98.8164
United States,731.5,Sport Shoes,2017,40.0792,-98.8164
United States,732.3,Sport Shoes,2016,40.0792,-98.8164
United States,776.1,Sport Shoes,2015,40.0792,-98.8164
United States,712.1,Sport Shoes,2014,40.0792,-98.8164
United States,695,Sport Shoes,2013,40.0792,-98.8164
United States,579.9,Sport Shoes,2012,40.0792,-98.8164
United States,223.932,Jewellery Goods and Valuables,2018,40.0792,-98.8164
United States,155.1041,Jewellery Goods and Valuables,2017,40.0792,-98.8164
United States,107.7474,Jewellery Goods and Valuables,2016,40.0792,-98.8164
United States,79.9965,Jewellery Goods and Valuables,2015,40.0792,-98.8164
United States,92.8199,Jewellery Goods and Valuables,2014,40.0792,-98.8164
United States,72.174,Jewellery Goods and Valuables,2013,40.0792,-98.8164
United States,44.1825,Jewellery Goods and Valuables,2012,40.0792,-98.8164
United States,176,Iron Steel,2018,40.0792,-98.8164
United States,120.4,Iron Steel,2017,40.0792,-98.8164
United States,43.7,Iron Steel,2016,40.0792,-98.8164
United States,29.5,Iron Steel,2015,40.0792,-98.8164
United States,53.3,Iron Steel,2014,40.0792,-98.8164
United States,37.7,Iron Steel,2013,40.0792,-98.8164
United States,66.2,Iron Steel,2012,40.0792,-98.8164
United States,3775.1,Garment (Convection of Textile,2018,40.0792,-98.8164
United States,3455.5,Garment (Convection of Textile,2017,40.0792,-98.8164
United States,3098.9,Garment (Convection of Textile,2016,40.0792,-98.8164
United States,3234,Garment (Convection of Textile,2015,40.0792,-98.8164
United States,3112.7,Garment (Convection of Textile,2014,40.0792,-98.8164
United States,3201.1,Garment (Convection of Textile,2013,40.0792,-98.8164
United States,3202.6,Garment (Convection of Textile,2012,40.0792,-98.8164
United States,2.5207,Fresh Chilled Fish,2018,40.0792,-98.8164
United States,2.9264,Fresh Chilled Fish,2017,40.0792,-98.8164
United States,6.5674,Fresh Chilled Fish,2016,40.0792,-98.8164
United States,5.0882,Fresh Chilled Fish,2015,40.0792,-98.8164
United States,3.3557,Fresh Chilled Fish,2014,40.0792,-98.8164
United States,3.1985,Fresh Chilled Fish,2013,40.0792,-98.8164
United States,6.2,Fresh Chilled Fish,2012,40.0792,-98.8164
United States,498.593,Electrical Equipment,2018,40.0792,-98.8164
United States,518.1115,Electrical Equipment,2017,40.0792,-98.8164
United States,526.0135,Electrical Equipment,2016,40.0792,-98.8164
United States,519.5787,Electrical Equipment,2015,40.0792,-98.8164
United States,578.8466,Electrical Equipment,2014,40.0792,-98.8164
United States,508.8782,Electrical Equipment,2013,40.0792,-98.8164
United States,460.6427,Electrical Equipment,2012,40.0792,-98.8164
United States,80.6743,"Drug Plants, Aromatic, Spices",2018,40.0792,-98.8164
United States,68.5166,"Drug Plants, Aromatic, Spices",2017,40.0792,-98.8164
United States,59.4091,"Drug Plants, Aromatic, Spices",2016,40.0792,-98.8164
United States,28.7438,"Drug Plants, Aromatic, Spices",2015,40.0792,-98.8164
United States,19.8398,"Drug Plants, Aromatic, Spices",2014,40.0792,-98.8164
United States,20.1078,"Drug Plants, Aromatic, Spices",2013,40.0792,-98.8164
United States,21.530317,"Drug Plants, Aromatic, Spices",2012,40.0792,-98.8164
United States,831.7,Crumb Rubber,2018,40.0792,-98.8164
United States,980.4,Crumb Rubber,2017,40.0792,-98.8164
United States,729.2,Crumb Rubber,2016,40.0792,-98.8164
United States,861.3,Crumb Rubber,2015,40.0792,-98.8164
United States,1060.9,Crumb Rubber,2014,40.0792,-98.8164
United States,1540.3,Crumb Rubber,2013,40.0792,-98.8164
United States,1808.9,Crumb Rubber,2012,40.0792,-98.8164
United States,254.0307,Coffee,2018,40.0792,-98.8164
United States,256.3514,Coffee,2017,40.0792,-98.8164
United States,269.8956,Coffee,2016,40.0792,-98.8164
United States,281.0791,Coffee,2015,40.0792,-98.8164
United States,295.9031,Coffee,2014,40.0792,-98.8164
United States,207.0376,Coffee,2013,40.0792,-98.8164
United States,330.8147,Coffee,2012,40.0792,-98.8164
United States,274.491,Coffee,2011,40.0792,-98.8164
United States,176.3606,Coffee,2010,40.0792,-98.8164
United States,161.2402,Coffee,2009,40.0792,-98.8164
United States,173.4042,Coffee,2008,40.0792,-98.8164
United States,167.2686,Coffee,2007,40.0792,-98.8164
United States,156.1478,Coffee,2006,40.0792,-98.8164
United States,136.567,Coffee,2005,40.0792,-98.8164
United States,79.0574,Coffee,2004,40.0792,-98.8164
United States,54.9432,Coffee,2003,40.0792,-98.8164
United States,50.344,Coffee,2002,40.0792,-98.8164
United States,41.9806,Coffee,2001,40.0792,-98.8164
United States,50.981,Coffee,2000,40.0792,-98.8164
United States,8.1849,Black Pepper,2018,40.0792,-98.8164
United States,28.3535,Black Pepper,2017,40.0792,-98.8164
United States,49.14854659,Black Pepper,2016,40.0792,-98.8164
United States,77.91439823,Black Pepper,2015,40.0792,-98.8164
United States,35.978926,Black Pepper,2014,40.0792,-98.8164
United States,75.333703,Black Pepper,2013,40.0792,-98.8164
United States,121.47884,Black Pepper,2012,40.0792,-98.8164
United States,12.772,Bird Nest,2018,40.0792,-98.8164
United States,13.2486,Bird Nest,2017,40.0792,-98.8164
United States,10.44527683,Bird Nest,2016,40.0792,-98.8164
United States,7.976983545,Bird Nest,2015,40.0792,-98.8164
United States,7.891465,Bird Nest,2014,40.0792,-98.8164
United States,8.615697,Bird Nest,2013,40.0792,-98.8164
United States,7.699982,Bird Nest,2012,40.0792,-98.8164
United States,286.7,Basic Chemistry Organic of Agriculture,2018,40.0792,-98.8164
United States,265.2,Basic Chemistry Organic of Agriculture,2017,40.0792,-98.8164
United States,406.4,Basic Chemistry Organic of Agriculture,2016,40.0792,-98.8164
United States,284.9,Basic Chemistry Organic of Agriculture,2015,40.0792,-98.8164
United States,318.7,Basic Chemistry Organic of Agriculture,2014,40.0792,-98.8164
United States,321,Basic Chemistry Organic of Agriculture,2013,40.0792,-98.8164
United States,124.6,Basic Chemistry Organic of Agriculture,2012,40.0792,-98.8164
United States,13.8089,Base Precious Metal,2018,40.0792,-98.8164
United States,12.0362,Base Precious Metal,2017,40.0792,-98.8164
United States,9.1197,Base Precious Metal,2016,40.0792,-98.8164
United States,7.4073,Base Precious Metal,2015,40.0792,-98.8164
United States,10.0599,Base Precious Metal,2014,40.0792,-98.8164
United States,8.6886,Base Precious Metal,2013,40.0792,-98.8164
United States,6.432424,Base Precious Metal,2012,40.0792,-98.8164
United Kingdom,138.4,Sport Shoes,2018,52.289,-1.259
United Kingdom,124.1,Sport Shoes,2017,52.289,-1.259
United Kingdom,116.6,Sport Shoes,2016,52.289,-1.259
United Kingdom,134,Sport Shoes,2015,52.289,-1.259
United Kingdom,120.3,Sport Shoes,2014,52.289,-1.259
United Kingdom,124.2,Sport Shoes,2013,52.289,-1.259
United Kingdom,123.4,Sport Shoes,2012,52.289,-1.259
United Kingdom,168.6,Garment (Convection of Textile,2018,52.289,-1.259
United Kingdom,171.2,Garment (Convection of Textile,2017,52.289,-1.259
United Kingdom,173.6,Garment (Convection of Textile,2016,52.289,-1.259
United Kingdom,187.3,Garment (Convection of Textile,2015,52.289,-1.259
United Kingdom,230.6,Garment (Convection of Textile,2014,52.289,-1.259
United Kingdom,234.2,Garment (Convection of Textile,2013,52.289,-1.259
United Kingdom,273.1,Garment (Convection of Textile,2012,52.289,-1.259
United Kingdom,24.3623,Coffee,2018,52.289,-1.259
United Kingdom,51.8193,Coffee,2017,52.289,-1.259
United Kingdom,40.5461,Coffee,2016,52.289,-1.259
United Kingdom,45.7288,Coffee,2015,52.289,-1.259
United Kingdom,35.4904,Coffee,2014,52.289,-1.259
United Kingdom,43.2173,Coffee,2013,52.289,-1.259
United Kingdom,39.2334,Coffee,2012,52.289,-1.259
United Kingdom,38.8013,Coffee,2011,52.289,-1.259
United Kingdom,39.1363,Coffee,2010,52.289,-1.259
United Kingdom,24.3597,Coffee,2009,52.289,-1.259
United Kingdom,29.0167,Coffee,2008,52.289,-1.259
United Kingdom,16.2837,Coffee,2007,52.289,-1.259
United Kingdom,15.2705,Coffee,2006,52.289,-1.259
United Kingdom,15.3587,Coffee,2005,52.289,-1.259
United Kingdom,6.8437,Coffee,2004,52.289,-1.259
United Kingdom,7.5697,Coffee,2003,52.289,-1.259
United Kingdom,5.2992,Coffee,2002,52.289,-1.259
United Kingdom,3.8519,Coffee,2001,52.289,-1.259
United Kingdom,8.3209,Coffee,2000,52.289,-1.259
United Kingdom,77.712,Base Precious Metal,2018,52.289,-1.259
United Kingdom,84.372,Base Precious Metal,2017,52.289,-1.259
United Kingdom,50.7696,Base Precious Metal,2016,52.289,-1.259
United Kingdom,61.2857,Base Precious Metal,2015,52.289,-1.259
United Kingdom,47.7019,Base Precious Metal,2014,52.289,-1.259
United Kingdom,38.8615,Base Precious Metal,2013,52.289,-1.259
United Kingdom,19.066998,Base Precious Metal,2012,52.289,-1.259
United Arab Emirates,87.5146,Jewellery Goods and Valuables,2018,23.9299,53.9031
United Arab Emirates,183.1906,Jewellery Goods and Valuables,2017,23.9299,53.9031
United Arab Emirates,226.3134,Jewellery Goods and Valuables,2016,23.9299,53.9031
United Arab Emirates,248.0214,Jewellery Goods and Valuables,2015,23.9299,53.9031
United Arab Emirates,380.9118,Jewellery Goods and Valuables,2014,23.9299,53.9031
United Arab Emirates,18.2724,Jewellery Goods and Valuables,2013,23.9299,53.9031
United Arab Emirates,14.1277,Jewellery Goods and Valuables,2012,23.9299,53.9031
United Arab Emirates,58.7,Iron Steel,2018,23.9299,53.9031
United Arab Emirates,51.6,Iron Steel,2017,23.9299,53.9031
United Arab Emirates,67,Iron Steel,2016,23.9299,53.9031
United Arab Emirates,71.5,Iron Steel,2015,23.9299,53.9031
United Arab Emirates,121.9,Iron Steel,2014,23.9299,53.9031
United Arab Emirates,47,Iron Steel,2013,23.9299,53.9031
United Arab Emirates,40.8,Iron Steel,2012,23.9299,53.9031
United Arab Emirates,79,Garment (Convection of Textile,2018,23.9299,53.9031
United Arab Emirates,92.1,Garment (Convection of Textile,2017,23.9299,53.9031
United Arab Emirates,129.9,Garment (Convection of Textile,2016,23.9299,53.9031
United Arab Emirates,165.5,Garment (Convection of Textile,2015,23.9299,53.9031
United Arab Emirates,200.6,Garment (Convection of Textile,2014,23.9299,53.9031
United Arab Emirates,157.2,Garment (Convection of Textile,2013,23.9299,53.9031
United Arab Emirates,173.3,Garment (Convection of Textile,2012,23.9299,53.9031
United Arab Emirates,6.2488,Fruit,2018,23.9299,53.9031
United Arab Emirates,3.1211,Fruit,2017,23.9299,53.9031
United Arab Emirates,3.3835,Fruit,2016,23.9299,53.9031
United Arab Emirates,4.0051,Fruit,2015,23.9299,53.9031
United Arab Emirates,3.2025,Fruit,2014,23.9299,53.9031
United Arab Emirates,1.6959,Fruit,2013,23.9299,53.9031
United Arab Emirates,1.998606,Fruit,2012,23.9299,53.9031
United Arab Emirates,1.0355,Fresh Chilled Fish,2018,23.9299,53.9031
United Arab Emirates,4.0348,Fresh Chilled Fish,2017,23.9299,53.9031
United Arab Emirates,2.2719,Fresh Chilled Fish,2016,23.9299,53.9031
United Arab Emirates,1.074,Fresh Chilled Fish,2015,23.9299,53.9031
United Arab Emirates,0.493,Fresh Chilled Fish,2014,23.9299,53.9031
United Arab Emirates,0.3206,Fresh Chilled Fish,2013,23.9299,53.9031
United Arab Emirates,0.6471,Fresh Chilled Fish,2012,23.9299,53.9031
United Arab Emirates,138,4-Wheel Motor Vehicle and more,2018,23.9299,53.9031
United Arab Emirates,126.5,4-Wheel Motor Vehicle and more,2017,23.9299,53.9031
United Arab Emirates,69.8,4-Wheel Motor Vehicle and more,2016,23.9299,53.9031
United Arab Emirates,212.8,4-Wheel Motor Vehicle and more,2015,23.9299,53.9031
United Arab Emirates,191.7,4-Wheel Motor Vehicle and more,2014,23.9299,53.9031
United Arab Emirates,165.9,4-Wheel Motor Vehicle and more,2013,23.9299,53.9031
United Arab Emirates,123.5,4-Wheel Motor Vehicle and more,2012,23.9299,53.9031
Turkey,129.4,Crumb Rubber,2018,39.144,34.188
Turkey,149.5,Crumb Rubber,2017,39.144,34.188
Turkey,83.3,Crumb Rubber,2016,39.144,34.188
Turkey,93.9,Crumb Rubber,2015,39.144,34.188
Turkey,126.9,Crumb Rubber,2014,39.144,34.188
Turkey,167.2,Crumb Rubber,2013,39.144,34.188
Turkey,157.7,Crumb Rubber,2012,39.144,34.188
Thailand,2.1,Lignite,2018,15.688,100.845
Thailand,4.7,Lignite,2017,15.688,100.845
Thailand,3.2,Lignite,2016,15.688,100.845
Thailand,4.2,Lignite,2015,15.688,100.845
Thailand,1,Lignite,2014,15.688,100.845
Thailand,3.9,Lignite,2013,15.688,100.845
Thailand,0,Lignite,2012,15.688,100.845
Thailand,174.8,Iron Steel,2018,15.688,100.845
Thailand,162.4,Iron Steel,2017,15.688,100.845
Thailand,148.5,Iron Steel,2016,15.688,100.845
Thailand,129.7,Iron Steel,2015,15.688,100.845
Thailand,130.3,Iron Steel,2014,15.688,100.845
Thailand,61.5,Iron Steel,2013,15.688,100.845
Thailand,38.8,Iron Steel,2012,15.688,100.845
Thailand,42.3257,Fruit,2018,15.688,100.845
Thailand,107.1047,Fruit,2017,15.688,100.845
Thailand,31.1425,Fruit,2016,15.688,100.845
Thailand,20.5137,Fruit,2015,15.688,100.845
Thailand,15.3516,Fruit,2014,15.688,100.845
Thailand,5.6919,Fruit,2013,15.688,100.845
Thailand,3.37294,Fruit,2012,15.688,100.845
Thailand,269.1828,Electrical Equipment,2018,15.688,100.845
Thailand,282.0617,Electrical Equipment,2017,15.688,100.845
Thailand,241.0608,Electrical Equipment,2016,15.688,100.845
Thailand,253.3763,Electrical Equipment,2015,15.688,100.845
Thailand,292.8031,Electrical Equipment,2014,15.688,100.845
Thailand,285.1122,Electrical Equipment,2013,15.688,100.845
Thailand,275.9679,Electrical Equipment,2012,15.688,100.845
Thailand,131.7115,"Drug Plants, Aromatic, Spices",2018,15.688,100.845
Thailand,101.0929,"Drug Plants, Aromatic, Spices",2017,15.688,100.845
Thailand,83.5183,"Drug Plants, Aromatic, Spices",2016,15.688,100.845
Thailand,81.9415,"Drug Plants, Aromatic, Spices",2015,15.688,100.845
Thailand,10.0427,"Drug Plants, Aromatic, Spices",2014,15.688,100.845
Thailand,4.2782,"Drug Plants, Aromatic, Spices",2013,15.688,100.845
Thailand,3.93655,"Drug Plants, Aromatic, Spices",2012,15.688,100.845
Thailand,0.0867,Bird Nest,2018,15.688,100.845
Thailand,0.0909,Bird Nest,2017,15.688,100.845
Thailand,0.113119052,Bird Nest,2016,15.688,100.845
Thailand,0.165965668,Bird Nest,2015,15.688,100.845
Thailand,2.693917,Bird Nest,2014,15.688,100.845
Thailand,2.023346,Bird Nest,2013,15.688,100.845
Thailand,4.105543,Bird Nest,2012,15.688,100.845
Thailand,12.2781,Base Precious Metal,2018,15.688,100.845
Thailand,14.675,Base Precious Metal,2017,15.688,100.845
Thailand,12.5073,Base Precious Metal,2016,15.688,100.845
Thailand,14.3131,Base Precious Metal,2015,15.688,100.845
Thailand,16.7709,Base Precious Metal,2014,15.688,100.845
Thailand,16.8623,Base Precious Metal,2013,15.688,100.845
Thailand,16.655764,Base Precious Metal,2012,15.688,100.845
Thailand,307.7,4-Wheel Motor Vehicle and more,2018,15.688,100.845
Thailand,265.7,4-Wheel Motor Vehicle and more,2017,15.688,100.845
Thailand,252.3,4-Wheel Motor Vehicle and more,2016,15.688,100.845
Thailand,191.3,4-Wheel Motor Vehicle and more,2015,15.688,100.845
Thailand,385.2,4-Wheel Motor Vehicle and more,2014,15.688,100.845
Thailand,415.6,4-Wheel Motor Vehicle and more,2013,15.688,100.845
Thailand,475.5,4-Wheel Motor Vehicle and more,2012,15.688,100.845
Taiwan,4.1427,White Pepper,2018,23.6091,120.8353
Taiwan,5.2749,White Pepper,2017,23.6091,120.8353
Taiwan,8.67164236,White Pepper,2016,23.6091,120.8353
Taiwan,6.507715,White Pepper,2015,23.6091,120.8353
Taiwan,7.552709,White Pepper,2014,23.6091,120.8353
Taiwan,3.026822,White Pepper,2013,23.6091,120.8353
Taiwan,2.938102,White Pepper,2012,23.6091,120.8353
Taiwan,5.3,Lignite,2018,23.6091,120.8353
Taiwan,6.4,Lignite,2017,23.6091,120.8353
Taiwan,4.5,Lignite,2016,23.6091,120.8353
Taiwan,14.4,Lignite,2015,23.6091,120.8353
Taiwan,11,Lignite,2014,23.6091,120.8353
Taiwan,21.3,Lignite,2013,23.6091,120.8353
Taiwan,25.5,Lignite,2012,23.6091,120.8353
Taiwan,0.0028,Jewellery Goods and Valuables,2018,23.6091,120.8353
Taiwan,0.0097,Jewellery Goods and Valuables,2017,23.6091,120.8353
Taiwan,112.6465,Jewellery Goods and Valuables,2016,23.6091,120.8353
Taiwan,798.3165,Jewellery Goods and Valuables,2015,23.6091,120.8353
Taiwan,384.6053,Jewellery Goods and Valuables,2014,23.6091,120.8353
Taiwan,0.0052,Jewellery Goods and Valuables,2013,23.6091,120.8353
Taiwan,0.0097,Jewellery Goods and Valuables,2012,23.6091,120.8353
Taiwan,808.5,Iron Steel,2018,23.6091,120.8353
Taiwan,136,Iron Steel,2017,23.6091,120.8353
Taiwan,57.3,Iron Steel,2016,23.6091,120.8353
Taiwan,78.3,Iron Steel,2015,23.6091,120.8353
Taiwan,127.7,Iron Steel,2014,23.6091,120.8353
Taiwan,44.3,Iron Steel,2013,23.6091,120.8353
Taiwan,24.8,Iron Steel,2012,23.6091,120.8353
Taiwan,5.6148,Fresh Chilled Fish,2018,23.6091,120.8353
Taiwan,5.7598,Fresh Chilled Fish,2017,23.6091,120.8353
Taiwan,6.2936,Fresh Chilled Fish,2016,23.6091,120.8353
Taiwan,6.7374,Fresh Chilled Fish,2015,23.6091,120.8353
Taiwan,7.7753,Fresh Chilled Fish,2014,23.6091,120.8353
Taiwan,8.5871,Fresh Chilled Fish,2013,23.6091,120.8353
Taiwan,8.7027,Fresh Chilled Fish,2012,23.6091,120.8353
Taiwan,1.0135,Bird Nest,2018,23.6091,120.8353
Taiwan,1.5266,Bird Nest,2017,23.6091,120.8353
Taiwan,1.610471451,Bird Nest,2016,23.6091,120.8353
Taiwan,3.439905483,Bird Nest,2015,23.6091,120.8353
Taiwan,2.537201,Bird Nest,2014,23.6091,120.8353
Taiwan,1.581098,Bird Nest,2013,23.6091,120.8353
Taiwan,0.46005,Bird Nest,2012,23.6091,120.8353
Switzerland,526.1413,Jewellery Goods and Valuables,2018,46.7794,8.0329
Switzerland,1090.7071,Jewellery Goods and Valuables,2017,46.7794,8.0329
Switzerland,2066.3331,Jewellery Goods and Valuables,2016,46.7794,8.0329
Switzerland,938.5278,Jewellery Goods and Valuables,2015,46.7794,8.0329
Switzerland,15.6114,Jewellery Goods and Valuables,2014,46.7794,8.0329
Switzerland,0.3584,Jewellery Goods and Valuables,2013,46.7794,8.0329
Switzerland,3.2882,Jewellery Goods and Valuables,2012,46.7794,8.0329
Switzerland,15.0258,Base Precious Metal,2018,46.7794,8.0329
Switzerland,21.4146,Base Precious Metal,2017,46.7794,8.0329
Switzerland,19.8887,Base Precious Metal,2016,46.7794,8.0329
Switzerland,27.4421,Base Precious Metal,2015,46.7794,8.0329
Switzerland,27.1147,Base Precious Metal,2014,46.7794,8.0329
Switzerland,18.666,Base Precious Metal,2013,46.7794,8.0329
Switzerland,30.060988,Base Precious Metal,2012,46.7794,8.0329
Sri Lanka,0,Black Pepper,2018,7.3,80.727
Sri Lanka,0,Black Pepper,2017,7.3,80.727
Sri Lanka,2.816248,Black Pepper,2016,7.3,80.727
Sri Lanka,0,Black Pepper,2015,7.3,80.727
Sri Lanka,1.8284,Black Pepper,2014,7.3,80.727
Sri Lanka,0.101085,Black Pepper,2013,7.3,80.727
Sri Lanka,0,Black Pepper,2012,7.3,80.727
Spain,2.5324,Seaweed and other Algae,2018,40.617,-3.388
Spain,0.7077,Seaweed and other Algae,2017,40.617,-3.388
Spain,0.3703,Seaweed and other Algae,2016,40.617,-3.388
Spain,1.4425,Seaweed and other Algae,2015,40.617,-3.388
Spain,2.8354,Seaweed and other Algae,2014,40.617,-3.388
Spain,1.0645,Seaweed and other Algae,2013,40.617,-3.388
Spain,1.6557,Seaweed and other Algae,2012,40.617,-3.388
Spain,106.5,Lignite,2018,40.617,-3.388
Spain,20.4,Lignite,2017,40.617,-3.388
Spain,1.1,Lignite,2016,40.617,-3.388
Spain,0,Lignite,2015,40.617,-3.388
Spain,0,Lignite,2014,40.617,-3.388
Spain,0,Lignite,2013,40.617,-3.388
Spain,0,Lignite,2012,40.617,-3.388
Spain,472,Basic Chemistry Organic of Agriculture,2018,40.617,-3.388
Spain,272.6,Basic Chemistry Organic of Agriculture,2017,40.617,-3.388
Spain,127.5,Basic Chemistry Organic of Agriculture,2016,40.617,-3.388
Spain,115.9,Basic Chemistry Organic of Agriculture,2015,40.617,-3.388
Spain,268.8,Basic Chemistry Organic of Agriculture,2014,40.617,-3.388
Spain,260.4,Basic Chemistry Organic of Agriculture,2013,40.617,-3.388
Spain,472.4,Basic Chemistry Organic of Agriculture,2012,40.617,-3.388
South Africa,0.0736,Jewellery Goods and Valuables,2018,-31.7,23.441
South Africa,0.051,Jewellery Goods and Valuables,2017,-31.7,23.441
South Africa,118.7591,Jewellery Goods and Valuables,2016,-31.7,23.441
South Africa,12.3631,Jewellery Goods and Valuables,2015,-31.7,23.441
South Africa,547.5795,Jewellery Goods and Valuables,2014,-31.7,23.441
South Africa,8.9755,Jewellery Goods and Valuables,2013,-31.7,23.441
South Africa,5.4217,Jewellery Goods and Valuables,2012,-31.7,23.441
South Africa,106.9,4-Wheel Motor Vehicle and more,2018,-31.7,23.441
South Africa,61.6,4-Wheel Motor Vehicle and more,2017,-31.7,23.441
South Africa,51.6,4-Wheel Motor Vehicle and more,2016,-31.7,23.441
South Africa,59,4-Wheel Motor Vehicle and more,2015,-31.7,23.441
South Africa,67,4-Wheel Motor Vehicle and more,2014,-31.7,23.441
South Africa,91.6,4-Wheel Motor Vehicle and more,2013,-31.7,23.441
South Africa,93.2,4-Wheel Motor Vehicle and more,2012,-31.7,23.441
Singapore,6.1201,White Pepper,2018,1.3389,103.8297
Singapore,15.6555,White Pepper,2017,1.3389,103.8297
Singapore,29.72242855,White Pepper,2016,1.3389,103.8297
Singapore,56.84428689,White Pepper,2015,1.3389,103.8297
Singapore,56.051807,White Pepper,2014,1.3389,103.8297
Singapore,35.40616,White Pepper,2013,1.3389,103.8297
Singapore,14.258506,White Pepper,2012,1.3389,103.8297
Singapore,737.546,Jewellery Goods and Valuables,2018,1.3389,103.8297
Singapore,789.6018,Jewellery Goods and Valuables,2017,1.3389,103.8297
Singapore,949.0601,Jewellery Goods and Valuables,2016,1.3389,103.8297
Singapore,380.4192,Jewellery Goods and Valuables,2015,1.3389,103.8297
Singapore,244.2829,Jewellery Goods and Valuables,2014,1.3389,103.8297
Singapore,21.9427,Jewellery Goods and Valuables,2013,1.3389,103.8297
Singapore,26.137,Jewellery Goods and Valuables,2012,1.3389,103.8297
Singapore,192.8,Iron Steel,2018,1.3389,103.8297
Singapore,117.8,Iron Steel,2017,1.3389,103.8297
Singapore,159.1,Iron Steel,2016,1.3389,103.8297
Singapore,188.5,Iron Steel,2015,1.3389,103.8297
Singapore,224.6,Iron Steel,2014,1.3389,103.8297
Singapore,242.3,Iron Steel,2013,1.3389,103.8297
Singapore,307.4,Iron Steel,2012,1.3389,103.8297
Singapore,4.5891,Fruit,2018,1.3389,103.8297
Singapore,3.9464,Fruit,2017,1.3389,103.8297
Singapore,2.7189,Fruit,2016,1.3389,103.8297
Singapore,4.168,Fruit,2015,1.3389,103.8297
Singapore,5.1792,Fruit,2014,1.3389,103.8297
Singapore,6.881,Fruit,2013,1.3389,103.8297
Singapore,7.465939,Fruit,2012,1.3389,103.8297
Singapore,27.8626,Fresh Chilled Fish,2018,1.3389,103.8297
Singapore,26.2914,Fresh Chilled Fish,2017,1.3389,103.8297
Singapore,29.5696,Fresh Chilled Fish,2016,1.3389,103.8297
Singapore,47.3547,Fresh Chilled Fish,2015,1.3389,103.8297
Singapore,32.2243,Fresh Chilled Fish,2014,1.3389,103.8297
Singapore,33.4074,Fresh Chilled Fish,2013,1.3389,103.8297
Singapore,29.3185,Fresh Chilled Fish,2012,1.3389,103.8297
Singapore,579.008,Electrical Equipment,2018,1.3389,103.8297
Singapore,715.2855,Electrical Equipment,2017,1.3389,103.8297
Singapore,805.0504,Electrical Equipment,2016,1.3389,103.8297
Singapore,746.5777,Electrical Equipment,2015,1.3389,103.8297
Singapore,1001.2498,Electrical Equipment,2014,1.3389,103.8297
Singapore,1017.9888,Electrical Equipment,2013,1.3389,103.8297
Singapore,1171.0021,Electrical Equipment,2012,1.3389,103.8297
Singapore,15.0258,"Drug Plants, Aromatic, Spices",2018,1.3389,103.8297
Singapore,21.4146,"Drug Plants, Aromatic, Spices",2017,1.3389,103.8297
Singapore,19.8887,"Drug Plants, Aromatic, Spices",2016,1.3389,103.8297
Singapore,27.4421,"Drug Plants, Aromatic, Spices",2015,1.3389,103.8297
Singapore,27.1147,"Drug Plants, Aromatic, Spices",2014,1.3389,103.8297
Singapore,18.666,"Drug Plants, Aromatic, Spices",2013,1.3389,103.8297
Singapore,30.060988,"Drug Plants, Aromatic, Spices",2012,1.3389,103.8297
Singapore,24.2393,Coffee,2018,1.3389,103.8297
Singapore,18.7781,Coffee,2017,1.3389,103.8297
Singapore,15.9299,Coffee,2016,1.3389,103.8297
Singapore,30.037,Coffee,2015,1.3389,103.8297
Singapore,21.3269,Coffee,2014,1.3389,103.8297
Singapore,22.4084,Coffee,2013,1.3389,103.8297
Singapore,32.3104,Coffee,2012,1.3389,103.8297
Singapore,15.0557,Coffee,2011,1.3389,103.8297
Singapore,9.5683,Coffee,2010,1.3389,103.8297
Singapore,12.7888,Coffee,2009,1.3389,103.8297
Singapore,17.4473,Coffee,2008,1.3389,103.8297
Singapore,28.0735,Coffee,2007,1.3389,103.8297
Singapore,24.6499,Coffee,2006,1.3389,103.8297
Singapore,20.2694,Coffee,2005,1.3389,103.8297
Singapore,8.186,Coffee,2004,1.3389,103.8297
Singapore,6.6908,Coffee,2003,1.3389,103.8297
Singapore,8.7533,Coffee,2002,1.3389,103.8297
Singapore,7.5123,Coffee,2001,1.3389,103.8297
Singapore,11.6122,Coffee,2000,1.3389,103.8297
Singapore,1.1108,Black Pepper,2018,1.3389,103.8297
Singapore,2.6689,Black Pepper,2017,1.3389,103.8297
Singapore,4.852441768,Black Pepper,2016,1.3389,103.8297
Singapore,21.14708077,Black Pepper,2015,1.3389,103.8297
Singapore,26.921377,Black Pepper,2014,1.3389,103.8297
Singapore,10.393445,Black Pepper,2013,1.3389,103.8297
Singapore,9.498929,Black Pepper,2012,1.3389,103.8297
Singapore,20.1743,Bird Nest,2018,1.3389,103.8297
Singapore,8.2138,Bird Nest,2017,1.3389,103.8297
Singapore,18.4041376,Bird Nest,2016,1.3389,103.8297
Singapore,20.80211746,Bird Nest,2015,1.3389,103.8297
Singapore,39.946832,Bird Nest,2014,1.3389,103.8297
Singapore,64.799762,Bird Nest,2013,1.3389,103.8297
Singapore,77.081302,Bird Nest,2012,1.3389,103.8297
Singapore,237.2,Basic Chemistry Organic of Agriculture,2018,1.3389,103.8297
Singapore,246.6,Basic Chemistry Organic of Agriculture,2017,1.3389,103.8297
Singapore,233.1,Basic Chemistry Organic of Agriculture,2016,1.3389,103.8297
Singapore,213.6,Basic Chemistry Organic of Agriculture,2015,1.3389,103.8297
Singapore,241.2,Basic Chemistry Organic of Agriculture,2014,1.3389,103.8297
Singapore,383.8,Basic Chemistry Organic of Agriculture,2013,1.3389,103.8297
Singapore,230,Basic Chemistry Organic of Agriculture,2012,1.3389,103.8297
Singapore,5.6758,Base Precious Metal,2018,1.3389,103.8297
Singapore,120.4207,Base Precious Metal,2017,1.3389,103.8297
Singapore,137.2626,Base Precious Metal,2016,1.3389,103.8297
Singapore,104.4353,Base Precious Metal,2015,1.3389,103.8297
Singapore,109.051,Base Precious Metal,2014,1.3389,103.8297
Singapore,70.5837,Base Precious Metal,2013,1.3389,103.8297
Singapore,63.047548,Base Precious Metal,2012,1.3389,103.8297
Saudi Arabia,2.82,Fresh Chilled Fish,2018,24.191,44.32
Saudi Arabia,3.2779,Fresh Chilled Fish,2017,24.191,44.32
Saudi Arabia,4.7665,Fresh Chilled Fish,2016,24.191,44.32
Saudi Arabia,2.0867,Fresh Chilled Fish,2015,24.191,44.32
Saudi Arabia,0.3527,Fresh Chilled Fish,2014,24.191,44.32
Saudi Arabia,0.1364,Fresh Chilled Fish,2013,24.191,44.32
Saudi Arabia,0.0127,Fresh Chilled Fish,2012,24.191,44.32
Saudi Arabia,373.5,4-Wheel Motor Vehicle and more,2018,24.191,44.32
Saudi Arabia,494.1,4-Wheel Motor Vehicle and more,2017,24.191,44.32
Saudi Arabia,447.9,4-Wheel Motor Vehicle and more,2016,24.191,44.32
Saudi Arabia,888.6,4-Wheel Motor Vehicle and more,2015,24.191,44.32
Saudi Arabia,740.2,4-Wheel Motor Vehicle and more,2014,24.191,44.32
Saudi Arabia,630,4-Wheel Motor Vehicle and more,2013,24.191,44.32
Saudi Arabia,596.8,4-Wheel Motor Vehicle and more,2012,24.191,44.32
Romania,2.0557,Coffee,2018,45.933,25.119
Romania,2.1166,Coffee,2017,45.933,25.119
Romania,0.5386,Coffee,2016,45.933,25.119
Romania,0.8942,Coffee,2015,45.933,25.119
Romania,0.812,Coffee,2014,45.933,25.119
Romania,0.9875,Coffee,2013,45.933,25.119
Romania,2.8667,Coffee,2012,45.933,25.119
Romania,3.1199,Coffee,2011,45.933,25.119
Romania,3.3956,Coffee,2010,45.933,25.119
Romania,6.5775,Coffee,2009,45.933,25.119
Romania,8.5114,Coffee,2008,45.933,25.119
Romania,6.897,Coffee,2007,45.933,25.119
Romania,9.3683,Coffee,2006,45.933,25.119
Romania,6.7815,Coffee,2005,45.933,25.119
Romania,4.1602,Coffee,2004,45.933,25.119
Romania,5.2595,Coffee,2003,45.933,25.119
Romania,4.6011,Coffee,2002,45.933,25.119
Romania,2.5892,Coffee,2001,45.933,25.119
Romania,3.5195,Coffee,2000,45.933,25.119
Republic of Korea,75.2,Sport Shoes,2018,36.338,128.16
Republic of Korea,85.2,Sport Shoes,2017,36.338,128.16
Republic of Korea,71.1,Sport Shoes,2016,36.338,128.16
Republic of Korea,53.7,Sport Shoes,2015,36.338,128.16
Republic of Korea,47.7,Sport Shoes,2014,36.338,128.16
Republic of Korea,49.2,Sport Shoes,2013,36.338,128.16
Republic of Korea,39.8,Sport Shoes,2012,36.338,128.16
Republic of Korea,12.9017,Seaweed and other Algae,2018,36.338,128.16
Republic of Korea,5.6099,Seaweed and other Algae,2017,36.338,128.16
Republic of Korea,2.7186,Seaweed and other Algae,2016,36.338,128.16
Republic of Korea,8.0376,Seaweed and other Algae,2015,36.338,128.16
Republic of Korea,8.3148,Seaweed and other Algae,2014,36.338,128.16
Republic of Korea,3.0732,Seaweed and other Algae,2013,36.338,128.16
Republic of Korea,3.1311,Seaweed and other Algae,2012,36.338,128.16
Republic of Korea,61.2,Lignite,2018,36.338,128.16
Republic of Korea,122.1,Lignite,2017,36.338,128.16
Republic of Korea,43.8,Lignite,2016,36.338,128.16
Republic of Korea,38.6,Lignite,2015,36.338,128.16
Republic of Korea,2.9,Lignite,2014,36.338,128.16
Republic of Korea,6.3,Lignite,2013,36.338,128.16
Republic of Korea,0,Lignite,2012,36.338,128.16
Republic of Korea,661.2,Iron Steel,2018,36.338,128.16
Republic of Korea,192.4,Iron Steel,2017,36.338,128.16
Republic of Korea,208.7,Iron Steel,2016,36.338,128.16
Republic of Korea,221.4,Iron Steel,2015,36.338,128.16
Republic of Korea,199.5,Iron Steel,2014,36.338,128.16
Republic of Korea,117.6,Iron Steel,2013,36.338,128.16
Republic of Korea,153.5,Iron Steel,2012,36.338,128.16
Republic of Korea,346,Garment (Convection of Textile,2018,36.338,128.16
Republic of Korea,304.7,Garment (Convection of Textile,2017,36.338,128.16
Republic of Korea,256.2,Garment (Convection of Textile,2016,36.338,128.16
Republic of Korea,262.2,Garment (Convection of Textile,2015,36.338,128.16
Republic of Korea,236.3,Garment (Convection of Textile,2014,36.338,128.16
Republic of Korea,232.7,Garment (Convection of Textile,2013,36.338,128.16
Republic of Korea,183.9,Garment (Convection of Textile,2012,36.338,128.16
Republic of Korea,207.007,Electrical Equipment,2018,36.338,128.16
Republic of Korea,176.7016,Electrical Equipment,2017,36.338,128.16
Republic of Korea,112.1984,Electrical Equipment,2016,36.338,128.16
Republic of Korea,105.875,Electrical Equipment,2015,36.338,128.16
Republic of Korea,108.1715,Electrical Equipment,2014,36.338,128.16
Republic of Korea,108.4803,Electrical Equipment,2013,36.338,128.16
Republic of Korea,108.0199,Electrical Equipment,2012,36.338,128.16
Republic of Korea,263.9,Crumb Rubber,2018,36.338,128.16
Republic of Korea,327.4,Crumb Rubber,2017,36.338,128.16
Republic of Korea,232.3,Crumb Rubber,2016,36.338,128.16
Republic of Korea,257.5,Crumb Rubber,2015,36.338,128.16
Republic of Korea,284.4,Crumb Rubber,2014,36.338,128.16
Republic of Korea,377,Crumb Rubber,2013,36.338,128.16
Republic of Korea,454.7,Crumb Rubber,2012,36.338,128.16
Republic of Korea,164.7,Basic Chemistry Organic of Agriculture,2018,36.338,128.16
Republic of Korea,173.3,Basic Chemistry Organic of Agriculture,2017,36.338,128.16
Republic of Korea,149.5,Basic Chemistry Organic of Agriculture,2016,36.338,128.16
Republic of Korea,118.9,Basic Chemistry Organic of Agriculture,2015,36.338,128.16
Republic of Korea,139.2,Basic Chemistry Organic of Agriculture,2014,36.338,128.16
Republic of Korea,100.9,Basic Chemistry Organic of Agriculture,2013,36.338,128.16
Republic of Korea,110.4,Basic Chemistry Organic of Agriculture,2012,36.338,128.16
Republic of Korea,9.4859,Base Precious Metal,2018,36.338,128.16
Republic of Korea,21.2899,Base Precious Metal,2017,36.338,128.16
Republic of Korea,9.2617,Base Precious Metal,2016,36.338,128.16
Republic of Korea,37.2056,Base Precious Metal,2015,36.338,128.16
Republic of Korea,82.6355,Base Precious Metal,2014,36.338,128.16
Republic of Korea,46.0631,Base Precious Metal,2013,36.338,128.16
Republic of Korea,27.041583,Base Precious Metal,2012,36.338,128.16
Philippines,1.4243,Seaweed and other Algae,2018,17.181,121.256
Philippines,1.2632,Seaweed and other Algae,2017,17.181,121.256
Philippines,2.1785,Seaweed and other Algae,2016,17.181,121.256
Philippines,6.1267,Seaweed and other Algae,2015,17.181,121.256
Philippines,10.2008,Seaweed and other Algae,2014,17.181,121.256
Philippines,8.3854,Seaweed and other Algae,2013,17.181,121.256
Philippines,10.3461,Seaweed and other Algae,2012,17.181,121.256
Philippines,5.5,Lignite,2018,17.181,121.256
Philippines,1,Lignite,2017,17.181,121.256
Philippines,8.5,Lignite,2016,17.181,121.256
Philippines,0.5,Lignite,2015,17.181,121.256
Philippines,0,Lignite,2014,17.181,121.256
Philippines,0,Lignite,2013,17.181,121.256
Philippines,1,Lignite,2012,17.181,121.256
Philippines,134.7481,Electrical Equipment,2018,17.181,121.256
Philippines,123.7647,Electrical Equipment,2017,17.181,121.256
Philippines,112.9667,Electrical Equipment,2016,17.181,121.256
Philippines,104.6811,Electrical Equipment,2015,17.181,121.256
Philippines,131.7199,Electrical Equipment,2014,17.181,121.256
Philippines,119.0355,Electrical Equipment,2013,17.181,121.256
Philippines,113.5056,Electrical Equipment,2012,17.181,121.256
Philippines,1192.5,4-Wheel Motor Vehicle and more,2018,17.181,121.256
Philippines,1277.8,4-Wheel Motor Vehicle and more,2017,17.181,121.256
Philippines,1130.8,4-Wheel Motor Vehicle and more,2016,17.181,121.256
Philippines,526.4,4-Wheel Motor Vehicle and more,2015,17.181,121.256
Philippines,573.2,4-Wheel Motor Vehicle and more,2014,17.181,121.256
Philippines,379.6,4-Wheel Motor Vehicle and more,2013,17.181,121.256
Philippines,362.4,4-Wheel Motor Vehicle and more,2012,17.181,121.256
Pakistan,5.6758,"Drug Plants, Aromatic, Spices",2018,28.1854,66.6429
Pakistan,120.4207,"Drug Plants, Aromatic, Spices",2017,28.1854,66.6429
Pakistan,137.2626,"Drug Plants, Aromatic, Spices",2016,28.1854,66.6429
Pakistan,104.4353,"Drug Plants, Aromatic, Spices",2015,28.1854,66.6429
Pakistan,109.051,"Drug Plants, Aromatic, Spices",2014,28.1854,66.6429
Pakistan,70.5837,"Drug Plants, Aromatic, Spices",2013,28.1854,66.6429
Pakistan,63.047548,"Drug Plants, Aromatic, Spices",2012,28.1854,66.6429
Others,5.9249,White Pepper,2018,,
Others,8.3967,White Pepper,2017,,
Others,7.292902035,White Pepper,2016,,
Others,8.27747138,White Pepper,2015,,
Others,4.66273,White Pepper,2014,,
Others,8.022264,White Pepper,2013,,
Others,9.022553,White Pepper,2012,,
Others,561.7,Sport Shoes,2018,,
Others,544.1,Sport Shoes,2017,,
Others,496.4,Sport Shoes,2016,,
Others,537.5,Sport Shoes,2015,,
Others,511.1,Sport Shoes,2014,,
Others,524.8,Sport Shoes,2013,,
Others,505.2,Sport Shoes,2012,,
Others,6.8007,Seaweed and other Algae,2018,,
Others,3.324,Seaweed and other Algae,2017,,
Others,1.6828,Seaweed and other Algae,2016,,
Others,4.9502,Seaweed and other Algae,2015,,
Others,9.5045,Seaweed and other Algae,2014,,
Others,4.0116,Seaweed and other Algae,2013,,
Others,6.1031,Seaweed and other Algae,2012,,
Others,27.1,Lignite,2018,,
Others,25,Lignite,2017,,
Others,0,Lignite,2016,,
Others,23.7,Lignite,2015,,
Others,6.9,Lignite,2014,,
Others,15.3,Lignite,2013,,
Others,17.3,Lignite,2012,,
Others,44.7125,Jewellery Goods and Valuables,2018,,
Others,48.4075,Jewellery Goods and Valuables,2017,,
Others,48.6283,Jewellery Goods and Valuables,2016,,
Others,38.6727,Jewellery Goods and Valuables,2015,,
Others,47.9433,Jewellery Goods and Valuables,2014,,
Others,39.4406,Jewellery Goods and Valuables,2013,,
Others,37.6998,Jewellery Goods and Valuables,2012,,
Others,927.2,Iron Steel,2018,,
Others,519.8,Iron Steel,2017,,
Others,288.7,Iron Steel,2016,,
Others,438.8,Iron Steel,2015,,
Others,528.7,Iron Steel,2014,,
Others,658.7,Iron Steel,2013,,
Others,839.1,Iron Steel,2012,,
Others,1062,Garment (Convection of Textile,2018,,
Others,979.5,Garment (Convection of Textile,2017,,
Others,977.2,Garment (Convection of Textile,2016,,
Others,1009.5,Garment (Convection of Textile,2015,,
Others,966.1,Garment (Convection of Textile,2014,,
Others,1005,Garment (Convection of Textile,2013,,
Others,1047.3,Garment (Convection of Textile,2012,,
Others,27.9296,Fruit,2018,,
Others,15.1915,Fruit,2017,,
Others,7.3712,Fruit,2016,,
Others,10.8676,Fruit,2015,,
Others,10.9882,Fruit,2014,,
Others,11.7016,Fruit,2013,,
Others,34.306877,Fruit,2012,,
Others,0.732,Fresh Chilled Fish,2018,,
Others,1.5933,Fresh Chilled Fish,2017,,
Others,2.0035,Fresh Chilled Fish,2016,,
Others,2.5919,Fresh Chilled Fish,2015,,
Others,2.5453,Fresh Chilled Fish,2014,,
Others,14.877,Fresh Chilled Fish,2013,,
Others,22.928,Fresh Chilled Fish,2012,,
Others,1338.9321,Electrical Equipment,2018,,
Others,1246.836,Electrical Equipment,2017,,
Others,1128.2061,Electrical Equipment,2016,,
Others,1161.9504,Electrical Equipment,2015,,
Others,1281.7053,Electrical Equipment,2014,,
Others,1366.2658,Electrical Equipment,2013,,
Others,1169.8568,Electrical Equipment,2012,,
Others,192.5252,"Drug Plants, Aromatic, Spices",2018,,
Others,130.0424,"Drug Plants, Aromatic, Spices",2017,,
Others,85.1266,"Drug Plants, Aromatic, Spices",2016,,
Others,116.2435,"Drug Plants, Aromatic, Spices",2015,,
Others,115.8019,"Drug Plants, Aromatic, Spices",2014,,
Others,65.2723,"Drug Plants, Aromatic, Spices",2013,,
Others,56.593525,"Drug Plants, Aromatic, Spices",2012,,
Others,788.6,Crumb Rubber,2018,,
Others,1052.9,Crumb Rubber,2017,,
Others,601.2,Crumb Rubber,2016,,
Others,687.1,Crumb Rubber,2015,,
Others,871.4,Crumb Rubber,2014,,
Others,1215.4,Crumb Rubber,2013,,
Others,1506,Crumb Rubber,2012,,
Others,111.4024,Coffee,2018,,
Others,296.047,Coffee,2017,,
Others,188.6437,Coffee,2016,,
Others,292.8838,Coffee,2015,,
Others,203.3078,Coffee,2014,,
Others,285.0922,Coffee,2013,,
Others,238.9742,Coffee,2012,,
Others,184.6635,Coffee,2011,,
Others,156.7579,Coffee,2010,,
Others,169.7934,Coffee,2009,,
Others,162.8243,Coffee,2008,,
Others,109.9529,Coffee,2007,,
Others,83.4034,Coffee,2006,,
Others,72.1355,Coffee,2005,,
Others,35.5613,Coffee,2004,,
Others,44.8408,Coffee,2003,,
Others,38.9774,Coffee,2002,,
Others,31.5076,Coffee,2001,,
Others,78.675,Coffee,2000,,
Others,6.3119,Black Pepper,2018,,
Others,11.3992,Black Pepper,2017,,
Others,16.82031691,Black Pepper,2016,,
Others,14.88126196,Black Pepper,2015,,
Others,9.972279,Black Pepper,2014,,
Others,15.325614,Black Pepper,2013,,
Others,28.637547,Black Pepper,2012,,
Others,0.3617,Bird Nest,2018,,
Others,0.4859,Bird Nest,2017,,
Others,0.190546851,Bird Nest,2016,,
Others,0.114127953,Bird Nest,2015,,
Others,0.509251,Bird Nest,2014,,
Others,1.094715,Bird Nest,2013,,
Others,0.201249,Bird Nest,2012,,
Others,911.9,Basic Chemistry Organic of Agriculture,2018,,
Others,759.7,Basic Chemistry Organic of Agriculture,2017,,
Others,637.3,Basic Chemistry Organic of Agriculture,2016,,
Others,682.8,Basic Chemistry Organic of Agriculture,2015,,
Others,874.3,Basic Chemistry Organic of Agriculture,2014,,
Others,893.2,Basic Chemistry Organic of Agriculture,2013,,
Others,1224.2,Basic Chemistry Organic of Agriculture,2012,,
Others,192.5252,Base Precious Metal,2018,,
Others,130.0424,Base Precious Metal,2017,,
Others,85.1266,Base Precious Metal,2016,,
Others,116.2435,Base Precious Metal,2015,,
Others,115.8019,Base Precious Metal,2014,,
Others,65.2723,Base Precious Metal,2013,,
Others,56.593525,Base Precious Metal,2012,,
Others,789.4,4-Wheel Motor Vehicle and more,2018,,
Others,513.9,4-Wheel Motor Vehicle and more,2017,,
Others,434.2,4-Wheel Motor Vehicle and more,2016,,
Others,407.3,4-Wheel Motor Vehicle and more,2015,,
Others,551.5,4-Wheel Motor Vehicle and more,2014,,
Others,388.6,4-Wheel Motor Vehicle and more,2013,,
Others,411.4,4-Wheel Motor Vehicle and more,2012,,
Nigeria,0.4727,Fruit,2018,9.3417,7.678
Nigeria,0.4272,Fruit,2017,9.3417,7.678
Nigeria,1.8177,Fruit,2016,9.3417,7.678
Nigeria,0.8448,Fruit,2015,9.3417,7.678
Nigeria,0.3196,Fruit,2014,9.3417,7.678
Nigeria,0.1936,Fruit,2013,9.3417,7.678
Nigeria,0.119,Fruit,2012,9.3417,7.678
Netherlands,5.1943,White Pepper,2018,52.1704,5.0102
Netherlands,7.6306,White Pepper,2017,52.1704,5.0102
Netherlands,13.080606,White Pepper,2016,52.1704,5.0102
Netherlands,15.93014375,White Pepper,2015,52.1704,5.0102
Netherlands,8.933562,White Pepper,2014,52.1704,5.0102
Netherlands,15.090974,White Pepper,2013,52.1704,5.0102
Netherlands,9.568223,White Pepper,2012,52.1704,5.0102
Netherlands,102.6,Sport Shoes,2018,52.1704,5.0102
Netherlands,108.7,Sport Shoes,2017,52.1704,5.0102
Netherlands,119,Sport Shoes,2016,52.1704,5.0102
Netherlands,81.5,Sport Shoes,2015,52.1704,5.0102
Netherlands,64.1,Sport Shoes,2014,52.1704,5.0102
Netherlands,77.6,Sport Shoes,2013,52.1704,5.0102
Netherlands,87.6,Sport Shoes,2012,52.1704,5.0102
Netherlands,12.2781,"Drug Plants, Aromatic, Spices",2018,52.1704,5.0102
Netherlands,14.675,"Drug Plants, Aromatic, Spices",2017,52.1704,5.0102
Netherlands,12.5073,"Drug Plants, Aromatic, Spices",2016,52.1704,5.0102
Netherlands,14.3131,"Drug Plants, Aromatic, Spices",2015,52.1704,5.0102
Netherlands,16.7709,"Drug Plants, Aromatic, Spices",2014,52.1704,5.0102
Netherlands,16.8623,"Drug Plants, Aromatic, Spices",2013,52.1704,5.0102
Netherlands,16.655764,"Drug Plants, Aromatic, Spices",2012,52.1704,5.0102
Netherlands,6.7669,Coffee,2018,52.1704,5.0102
Netherlands,9.2362,Coffee,2017,52.1704,5.0102
Netherlands,16.2165,Coffee,2016,52.1704,5.0102
Netherlands,10.2623,Coffee,2015,52.1704,5.0102
Netherlands,6.1519,Coffee,2014,52.1704,5.0102
Netherlands,5.2308,Coffee,2013,52.1704,5.0102
Netherlands,6.3999,Coffee,2012,52.1704,5.0102
Netherlands,4.9382,Coffee,2011,52.1704,5.0102
Netherlands,5.415,Coffee,2010,52.1704,5.0102
Netherlands,6.8105,Coffee,2009,52.1704,5.0102
Netherlands,4.8834,Coffee,2008,52.1704,5.0102
Netherlands,2.82,Coffee,2007,52.1704,5.0102
Netherlands,4.1137,Coffee,2006,52.1704,5.0102
Netherlands,3.567,Coffee,2005,52.1704,5.0102
Netherlands,2.5092,Coffee,2004,52.1704,5.0102
Netherlands,3.6995,Coffee,2003,52.1704,5.0102
Netherlands,2.9191,Coffee,2002,52.1704,5.0102
Netherlands,2.7195,Coffee,2001,52.1704,5.0102
Netherlands,3.9166,Coffee,2000,52.1704,5.0102
Netherlands,0.7769,Black Pepper,2018,52.1704,5.0102
Netherlands,1.878,Black Pepper,2017,52.1704,5.0102
Netherlands,9.03396401,Black Pepper,2016,52.1704,5.0102
Netherlands,3.935566368,Black Pepper,2015,52.1704,5.0102
Netherlands,3.212258,Black Pepper,2014,52.1704,5.0102
Netherlands,4.951823,Black Pepper,2013,52.1704,5.0102
Netherlands,4.596888,Black Pepper,2012,52.1704,5.0102
Netherlands,671.4,Basic Chemistry Organic of Agriculture,2018,52.1704,5.0102
Netherlands,728.5,Basic Chemistry Organic of Agriculture,2017,52.1704,5.0102
Netherlands,510.3,Basic Chemistry Organic of Agriculture,2016,52.1704,5.0102
Netherlands,486.5,Basic Chemistry Organic of Agriculture,2015,52.1704,5.0102
Netherlands,577.1,Basic Chemistry Organic of Agriculture,2014,52.1704,5.0102
Netherlands,520.9,Basic Chemistry Organic of Agriculture,2013,52.1704,5.0102
Netherlands,756.4,Basic Chemistry Organic of Agriculture,2012,52.1704,5.0102
Morocco,20.9506,Coffee,2018,31.129,-7.355
Morocco,23.5457,Coffee,2017,31.129,-7.355
Morocco,17.863,Coffee,2016,31.129,-7.355
Morocco,20.3489,Coffee,2015,31.129,-7.355
Morocco,21.1909,Coffee,2014,31.129,-7.355
Morocco,24.216,Coffee,2013,31.129,-7.355
Morocco,24.0356,Coffee,2012,31.129,-7.355
Morocco,21.5229,Coffee,2011,31.129,-7.355
Morocco,12.4888,Coffee,2010,31.129,-7.355
Morocco,11.7116,Coffee,2009,31.129,-7.355
Morocco,13.0745,Coffee,2008,31.129,-7.355
Morocco,10.2216,Coffee,2007,31.129,-7.355
Morocco,9.1282,Coffee,2006,31.129,-7.355
Morocco,4.4355,Coffee,2005,31.129,-7.355
Morocco,4.5414,Coffee,2004,31.129,-7.355
Morocco,3.9108,Coffee,2003,31.129,-7.355
Morocco,3.3848,Coffee,2002,31.129,-7.355
Morocco,2.5655,Coffee,2001,31.129,-7.355
Morocco,5.4205,Coffee,2000,31.129,-7.355
Mexico,68.4,Sport Shoes,2018,22.925,-101.68
Mexico,56.1,Sport Shoes,2017,22.925,-101.68
Mexico,49.5,Sport Shoes,2016,22.925,-101.68
Mexico,53.1,Sport Shoes,2015,22.925,-101.68
Mexico,63.6,Sport Shoes,2014,22.925,-101.68
Mexico,73.1,Sport Shoes,2013,22.925,-101.68
Mexico,74.7,Sport Shoes,2012,22.925,-101.68
Mexico,89.4,4-Wheel Motor Vehicle and more,2018,22.925,-101.68
Mexico,110.3,4-Wheel Motor Vehicle and more,2017,22.925,-101.68
Mexico,82.7,4-Wheel Motor Vehicle and more,2016,22.925,-101.68
Mexico,77.4,4-Wheel Motor Vehicle and more,2015,22.925,-101.68
Mexico,72.7,4-Wheel Motor Vehicle and more,2014,22.925,-101.68
Mexico,50,4-Wheel Motor Vehicle and more,2013,22.925,-101.68
Mexico,53.6,4-Wheel Motor Vehicle and more,2012,22.925,-101.68
Malaysia,3.0551,White Pepper,2018,4.416,102.099
Malaysia,4.7546,White Pepper,2017,4.416,102.099
Malaysia,7.474243207,White Pepper,2016,4.416,102.099
Malaysia,9.166189244,White Pepper,2015,4.416,102.099
Malaysia,6.711087,White Pepper,2014,4.416,102.099
Malaysia,6.022402,White Pepper,2013,4.416,102.099
Malaysia,6.270488,White Pepper,2012,4.416,102.099
Malaysia,1.2,Lignite,2018,4.416,102.099
Malaysia,2.2,Lignite,2017,4.416,102.099
Malaysia,6.4,Lignite,2016,4.416,102.099
Malaysia,0,Lignite,2015,4.416,102.099
Malaysia,2.3,Lignite,2014,4.416,102.099
Malaysia,0.3,Lignite,2013,4.416,102.099
Malaysia,4.1,Lignite,2012,4.416,102.099
Malaysia,252.5,Iron Steel,2018,4.416,102.099
Malaysia,121.9,Iron Steel,2017,4.416,102.099
Malaysia,68.9,Iron Steel,2016,4.416,102.099
Malaysia,34.2,Iron Steel,2015,4.416,102.099
Malaysia,145.6,Iron Steel,2014,4.416,102.099
Malaysia,190,Iron Steel,2013,4.416,102.099
Malaysia,142.4,Iron Steel,2012,4.416,102.099
Malaysia,71.6196,Fruit,2018,4.416,102.099
Malaysia,41.2396,Fruit,2017,4.416,102.099
Malaysia,65.807,Fruit,2016,4.416,102.099
Malaysia,31.8551,Fruit,2015,4.416,102.099
Malaysia,25.9835,Fruit,2014,4.416,102.099
Malaysia,25.2952,Fruit,2013,4.416,102.099
Malaysia,18.107182,Fruit,2012,4.416,102.099
Malaysia,35.0319,Fresh Chilled Fish,2018,4.416,102.099
Malaysia,30.7456,Fresh Chilled Fish,2017,4.416,102.099
Malaysia,31.851,Fresh Chilled Fish,2016,4.416,102.099
Malaysia,65.1044,Fresh Chilled Fish,2015,4.416,102.099
Malaysia,34.9683,Fresh Chilled Fish,2014,4.416,102.099
Malaysia,35.821,Fresh Chilled Fish,2013,4.416,102.099
Malaysia,34.1212,Fresh Chilled Fish,2012,4.416,102.099
Malaysia,159.425,Electrical Equipment,2018,4.416,102.099
Malaysia,194.916,Electrical Equipment,2017,4.416,102.099
Malaysia,201.0085,Electrical Equipment,2016,4.416,102.099
Malaysia,178.0301,Electrical Equipment,2015,4.416,102.099
Malaysia,168.413,Electrical Equipment,2014,4.416,102.099
Malaysia,220.0666,Electrical Equipment,2013,4.416,102.099
Malaysia,227.844,Electrical Equipment,2012,4.416,102.099
Malaysia,66.4668,Coffee,2018,4.416,102.099
Malaysia,82.0544,Coffee,2017,4.416,102.099
Malaysia,67.3524,Coffee,2016,4.416,102.099
Malaysia,67.2027,Coffee,2015,4.416,102.099
Malaysia,54.5743,Coffee,2014,4.416,102.099
Malaysia,73.8188,Coffee,2013,4.416,102.099
Malaysia,67.1255,Coffee,2012,4.416,102.099
Malaysia,56.4042,Coffee,2011,4.416,102.099
Malaysia,36.7978,Coffee,2010,4.416,102.099
Malaysia,24.5261,Coffee,2009,4.416,102.099
Malaysia,31.454,Coffee,2008,4.416,102.099
Malaysia,18.1589,Coffee,2007,4.416,102.099
Malaysia,9.6599,Coffee,2006,4.416,102.099
Malaysia,5.6765,Coffee,2005,4.416,102.099
Malaysia,4.9908,Coffee,2004,4.416,102.099
Malaysia,4.1017,Coffee,2003,4.416,102.099
Malaysia,5.2646,Coffee,2002,4.416,102.099
Malaysia,4.4834,Coffee,2001,4.416,102.099
Malaysia,5.8637,Coffee,2000,4.416,102.099
Malaysia,408.9,Basic Chemistry Organic of Agriculture,2018,4.416,102.099
Malaysia,433.2,Basic Chemistry Organic of Agriculture,2017,4.416,102.099
Malaysia,402.8,Basic Chemistry Organic of Agriculture,2016,4.416,102.099
Malaysia,258.9,Basic Chemistry Organic of Agriculture,2015,4.416,102.099
Malaysia,446.2,Basic Chemistry Organic of Agriculture,2014,4.416,102.099
Malaysia,544.1,Basic Chemistry Organic of Agriculture,2013,4.416,102.099
Malaysia,420,Basic Chemistry Organic of Agriculture,2012,4.416,102.099
Malaysia,151.9,4-Wheel Motor Vehicle and more,2018,4.416,102.099
Malaysia,171.6,4-Wheel Motor Vehicle and more,2017,4.416,102.099
Malaysia,121.7,4-Wheel Motor Vehicle and more,2016,4.416,102.099
Malaysia,74,4-Wheel Motor Vehicle and more,2015,4.416,102.099
Malaysia,83.7,4-Wheel Motor Vehicle and more,2014,4.416,102.099
Malaysia,111.6,4-Wheel Motor Vehicle and more,2013,4.416,102.099
Malaysia,182.9,4-Wheel Motor Vehicle and more,2012,4.416,102.099
Kuwait,42,4-Wheel Motor Vehicle and more,2018,29.3169,47.4272
Kuwait,31.4,4-Wheel Motor Vehicle and more,2017,29.3169,47.4272
Kuwait,51.1,4-Wheel Motor Vehicle and more,2016,29.3169,47.4272
Kuwait,60.5,4-Wheel Motor Vehicle and more,2015,29.3169,47.4272
Kuwait,59.5,4-Wheel Motor Vehicle and more,2014,29.3169,47.4272
Kuwait,49.2,4-Wheel Motor Vehicle and more,2013,29.3169,47.4272
Kuwait,36,4-Wheel Motor Vehicle and more,2012,29.3169,47.4272
Japan,4.407,White Pepper,2018,35.962,137.855
Japan,3.7324,White Pepper,2017,35.962,137.855
Japan,12.74712869,White Pepper,2016,35.962,137.855
Japan,13.62527565,White Pepper,2015,35.962,137.855
Japan,8.913933,White Pepper,2014,35.962,137.855
Japan,5.54395,White Pepper,2013,35.962,137.855
Japan,5.236262,White Pepper,2012,35.962,137.855
Japan,186.5,Sport Shoes,2018,35.962,137.855
Japan,173.7,Sport Shoes,2017,35.962,137.855
Japan,164,Sport Shoes,2016,35.962,137.855
Japan,136.3,Sport Shoes,2015,35.962,137.855
Japan,108.4,Sport Shoes,2014,35.962,137.855
Japan,106.4,Sport Shoes,2013,35.962,137.855
Japan,86.5,Sport Shoes,2012,35.962,137.855
Japan,1.2293,Seaweed and other Algae,2018,35.962,137.855
Japan,1.4429,Seaweed and other Algae,2017,35.962,137.855
Japan,1.1704,Seaweed and other Algae,2016,35.962,137.855
Japan,1.1086,Seaweed and other Algae,2015,35.962,137.855
Japan,0.9335,Seaweed and other Algae,2014,35.962,137.855
Japan,0.4424,Seaweed and other Algae,2013,35.962,137.855
Japan,0.5722,Seaweed and other Algae,2012,35.962,137.855
Japan,0.6,Lignite,2018,35.962,137.855
Japan,0.3,Lignite,2017,35.962,137.855
Japan,0.4,Lignite,2016,35.962,137.855
Japan,0.2,Lignite,2015,35.962,137.855
Japan,0.3,Lignite,2014,35.962,137.855
Japan,0,Lignite,2013,35.962,137.855
Japan,47.9,Lignite,2012,35.962,137.855
Japan,740.4,Garment (Convection of Textile,2018,35.962,137.855
Japan,674.8,Garment (Convection of Textile,2017,35.962,137.855
Japan,574.8,Garment (Convection of Textile,2016,35.962,137.855
Japan,582.7,Garment (Convection of Textile,2015,35.962,137.855
Japan,522.2,Garment (Convection of Textile,2014,35.962,137.855
Japan,489.8,Garment (Convection of Textile,2013,35.962,137.855
Japan,369.6,Garment (Convection of Textile,2012,35.962,137.855
Japan,2.7302,Fruit,2018,35.962,137.855
Japan,2.636,Fruit,2017,35.962,137.855
Japan,5.0786,Fruit,2016,35.962,137.855
Japan,2.1193,Fruit,2015,35.962,137.855
Japan,0.1835,Fruit,2014,35.962,137.855
Japan,0.1337,Fruit,2013,35.962,137.855
Japan,0.128178,Fruit,2012,35.962,137.855
Japan,16.3641,Fresh Chilled Fish,2018,35.962,137.855
Japan,24.9785,Fresh Chilled Fish,2017,35.962,137.855
Japan,32.9786,Fresh Chilled Fish,2016,35.962,137.855
Japan,34.1441,Fresh Chilled Fish,2015,35.962,137.855
Japan,59.478,Fresh Chilled Fish,2014,35.962,137.855
Japan,69.2516,Fresh Chilled Fish,2013,35.962,137.855
Japan,89.5471,Fresh Chilled Fish,2012,35.962,137.855
Japan,1301.2886,Electrical Equipment,2018,35.962,137.855
Japan,1082.5183,Electrical Equipment,2017,35.962,137.855
Japan,908.8016,Electrical Equipment,2016,35.962,137.855
Japan,864.6205,Electrical Equipment,2015,35.962,137.855
Japan,939.9667,Electrical Equipment,2014,35.962,137.855
Japan,922.608,Electrical Equipment,2013,35.962,137.855
Japan,939.8775,Electrical Equipment,2012,35.962,137.855
Japan,659.4,Crumb Rubber,2018,35.962,137.855
Japan,766.8,Crumb Rubber,2017,35.962,137.855
Japan,538.2,Crumb Rubber,2016,35.962,137.855
Japan,590.3,Crumb Rubber,2015,35.962,137.855
Japan,715.9,Crumb Rubber,2014,35.962,137.855
Japan,1072.2,Crumb Rubber,2013,35.962,137.855
Japan,1238.8,Crumb Rubber,2012,35.962,137.855
Japan,84.3197,Coffee,2018,35.962,137.855
Japan,82.3617,Coffee,2017,35.962,137.855
Japan,86.5045,Coffee,2016,35.962,137.855
Japan,104.9528,Coffee,2015,35.962,137.855
Japan,101.3504,Coffee,2014,35.962,137.855
Japan,102.909,Coffee,2013,35.962,137.855
Japan,145.7339,Coffee,2012,35.962,137.855
Japan,174.7122,Coffee,2011,35.962,137.855
Japan,118.8898,Coffee,2010,35.962,137.855
Japan,98.1238,Coffee,2009,35.962,137.855
Japan,123.7814,Coffee,2008,35.962,137.855
Japan,102.7803,Coffee,2007,35.962,137.855
Japan,95.8808,Coffee,2006,35.962,137.855
Japan,64.321,Coffee,2005,35.962,137.855
Japan,55.6194,Coffee,2004,35.962,137.855
Japan,47.8744,Coffee,2003,35.962,137.855
Japan,47.5405,Coffee,2002,35.962,137.855
Japan,48.6971,Coffee,2001,35.962,137.855
Japan,72.5924,Coffee,2000,35.962,137.855
Japan,0.0142,Bird Nest,2018,35.962,137.855
Japan,0.2024,Bird Nest,2017,35.962,137.855
Japan,0.0976335,Bird Nest,2016,35.962,137.855
Japan,0.064305,Bird Nest,2015,35.962,137.855
Japan,0.024039,Bird Nest,2014,35.962,137.855
Japan,0.11369,Bird Nest,2013,35.962,137.855
Japan,0.147944,Bird Nest,2012,35.962,137.855
Japan,176.3,Basic Chemistry Organic of Agriculture,2018,35.962,137.855
Japan,169.6,Basic Chemistry Organic of Agriculture,2017,35.962,137.855
Japan,120.6,Basic Chemistry Organic of Agriculture,2016,35.962,137.855
Japan,93.7,Basic Chemistry Organic of Agriculture,2015,35.962,137.855
Japan,95,Basic Chemistry Organic of Agriculture,2014,35.962,137.855
Japan,127.6,Basic Chemistry Organic of Agriculture,2013,35.962,137.855
Japan,110.3,Basic Chemistry Organic of Agriculture,2012,35.962,137.855
Japan,131.7115,Base Precious Metal,2018,35.962,137.855
Japan,101.0929,Base Precious Metal,2017,35.962,137.855
Japan,83.5183,Base Precious Metal,2016,35.962,137.855
Japan,81.9415,Base Precious Metal,2015,35.962,137.855
Japan,10.0427,Base Precious Metal,2014,35.962,137.855
Japan,4.2782,Base Precious Metal,2013,35.962,137.855
Japan,3.93655,Base Precious Metal,2012,35.962,137.855
Japan,188,4-Wheel Motor Vehicle and more,2018,35.962,137.855
Japan,175.5,4-Wheel Motor Vehicle and more,2017,35.962,137.855
Japan,150,4-Wheel Motor Vehicle and more,2016,35.962,137.855
Japan,150.7,4-Wheel Motor Vehicle and more,2015,35.962,137.855
Japan,167.4,4-Wheel Motor Vehicle and more,2014,35.962,137.855
Japan,184.5,4-Wheel Motor Vehicle and more,2013,35.962,137.855
Japan,198.4,4-Wheel Motor Vehicle and more,2012,35.962,137.855
Italy,44.2,Sport Shoes,2018,44.3713,11.1084
Italy,48.5,Sport Shoes,2017,44.3713,11.1084
Italy,51.1,Sport Shoes,2016,44.3713,11.1084
Italy,57.1,Sport Shoes,2015,44.3713,11.1084
Italy,57.5,Sport Shoes,2014,44.3713,11.1084
Italy,62.4,Sport Shoes,2013,44.3713,11.1084
Italy,69,Sport Shoes,2012,44.3713,11.1084
Italy,10.7507,Jewellery Goods and Valuables,2018,44.3713,11.1084
Italy,10.5631,Jewellery Goods and Valuables,2017,44.3713,11.1084
Italy,8.5231,Jewellery Goods and Valuables,2016,44.3713,11.1084
Italy,10.2837,Jewellery Goods and Valuables,2015,44.3713,11.1084
Italy,9.9867,Jewellery Goods and Valuables,2014,44.3713,11.1084
Italy,10.7609,Jewellery Goods and Valuables,2013,44.3713,11.1084
Italy,9.207,Jewellery Goods and Valuables,2012,44.3713,11.1084
Italy,54.049,Coffee,2018,44.3713,11.1084
Italy,79.6673,Coffee,2017,44.3713,11.1084
Italy,66.3545,Coffee,2016,44.3713,11.1084
Italy,84.0054,Coffee,2015,44.3713,11.1084
Italy,60.6384,Coffee,2014,44.3713,11.1084
Italy,77.1305,Coffee,2013,44.3713,11.1084
Italy,64.6363,Coffee,2012,44.3713,11.1084
Italy,57.7579,Coffee,2011,44.3713,11.1084
Italy,43.2257,Coffee,2010,44.3713,11.1084
Italy,53.1024,Coffee,2009,44.3713,11.1084
Italy,60.6139,Coffee,2008,44.3713,11.1084
Italy,34.7701,Coffee,2007,44.3713,11.1084
Italy,34.206,Coffee,2006,44.3713,11.1084
Italy,27.6526,Coffee,2005,44.3713,11.1084
Italy,15.2565,Coffee,2004,44.3713,11.1084
Italy,17.825,Coffee,2003,44.3713,11.1084
Italy,8.9504,Coffee,2002,44.3713,11.1084
Italy,7.5231,Coffee,2001,44.3713,11.1084
Italy,16.7066,Coffee,2000,44.3713,11.1084
Italy,0.2889,Black Pepper,2018,44.3713,11.1084
Italy,1.2591,Black Pepper,2017,44.3713,11.1084
Italy,3.164008,Black Pepper,2016,44.3713,11.1084
Italy,1.584528,Black Pepper,2015,44.3713,11.1084
Italy,1.390375,Black Pepper,2014,44.3713,11.1084
Italy,0.633815,Black Pepper,2013,44.3713,11.1084
Italy,2.637801,Black Pepper,2012,44.3713,11.1084
India,4.3312,White Pepper,2018,22.741,78.236
India,4.328,White Pepper,2017,22.741,78.236
India,4.406699,White Pepper,2016,22.741,78.236
India,3.62065586,White Pepper,2015,22.741,78.236
India,2.876451,White Pepper,2014,22.741,78.236
India,2.508043,White Pepper,2013,22.741,78.236
India,2.707177,White Pepper,2012,22.741,78.236
India,21.3,Lignite,2018,22.741,78.236
India,16.3,Lignite,2017,22.741,78.236
India,8.9,Lignite,2016,22.741,78.236
India,19.3,Lignite,2015,22.741,78.236
India,68.6,Lignite,2014,22.741,78.236
India,76.2,Lignite,2013,22.741,78.236
India,85.8,Lignite,2012,22.741,78.236
India,1.6473,Jewellery Goods and Valuables,2018,22.741,78.236
India,15.4604,Jewellery Goods and Valuables,2017,22.741,78.236
India,14.5117,Jewellery Goods and Valuables,2016,22.741,78.236
India,371.6123,Jewellery Goods and Valuables,2015,22.741,78.236
India,51.0608,Jewellery Goods and Valuables,2014,22.741,78.236
India,0.1003,Jewellery Goods and Valuables,2013,22.741,78.236
India,0.163,Jewellery Goods and Valuables,2012,22.741,78.236
India,481.9,Iron Steel,2018,22.741,78.236
India,275.8,Iron Steel,2017,22.741,78.236
India,173.3,Iron Steel,2016,22.741,78.236
India,153.6,Iron Steel,2015,22.741,78.236
India,109.6,Iron Steel,2014,22.741,78.236
India,45.8,Iron Steel,2013,22.741,78.236
India,25,Iron Steel,2012,22.741,78.236
India,14.6451,Fruit,2018,22.741,78.236
India,28.1559,Fruit,2017,22.741,78.236
India,16.8517,Fruit,2016,22.741,78.236
India,36.1422,Fruit,2015,22.741,78.236
India,14.6547,Fruit,2014,22.741,78.236
India,24.6175,Fruit,2013,22.741,78.236
India,55.746302,Fruit,2012,22.741,78.236
India,77.712,"Drug Plants, Aromatic, Spices",2018,22.741,78.236
India,84.372,"Drug Plants, Aromatic, Spices",2017,22.741,78.236
India,50.7696,"Drug Plants, Aromatic, Spices",2016,22.741,78.236
India,61.2857,"Drug Plants, Aromatic, Spices",2015,22.741,78.236
India,47.7019,"Drug Plants, Aromatic, Spices",2014,22.741,78.236
India,38.8615,"Drug Plants, Aromatic, Spices",2013,22.741,78.236
India,19.066998,"Drug Plants, Aromatic, Spices",2012,22.741,78.236
India,404.2,Crumb Rubber,2018,22.741,78.236
India,416.7,Crumb Rubber,2017,22.741,78.236
India,274.8,Crumb Rubber,2016,22.741,78.236
India,257.2,Crumb Rubber,2015,22.741,78.236
India,323,Crumb Rubber,2014,22.741,78.236
India,334.1,Crumb Rubber,2013,22.741,78.236
India,310.1,Crumb Rubber,2012,22.741,78.236
India,4.0966,Coffee,2018,22.741,78.236
India,15.7861,Coffee,2017,22.741,78.236
India,17.0585,Coffee,2016,22.741,78.236
India,31.9143,Coffee,2015,22.741,78.236
India,25.7372,Coffee,2014,22.741,78.236
India,32.3359,Coffee,2013,22.741,78.236
India,38.7524,Coffee,2012,22.741,78.236
India,21.298,Coffee,2011,22.741,78.236
India,13.2702,Coffee,2010,22.741,78.236
India,12.9405,Coffee,2009,22.741,78.236
India,21.6637,Coffee,2008,22.741,78.236
India,12.1991,Coffee,2007,22.741,78.236
India,11.1935,Coffee,2006,22.741,78.236
India,12.9265,Coffee,2005,22.741,78.236
India,2.082,Coffee,2004,22.741,78.236
India,1.3836,Coffee,2003,22.741,78.236
India,0.7219,Coffee,2002,22.741,78.236
India,1.3344,Coffee,2001,22.741,78.236
India,1.5595,Coffee,2000,22.741,78.236
India,9.4419,Black Pepper,2018,22.741,78.236
India,13.1296,Black Pepper,2017,22.741,78.236
India,38.84078357,Black Pepper,2016,22.741,78.236
India,23.063762,Black Pepper,2015,22.741,78.236
India,21.440682,Black Pepper,2014,22.741,78.236
India,13.072411,Black Pepper,2013,22.741,78.236
India,29.996835,Black Pepper,2012,22.741,78.236
India,483.9,Basic Chemistry Organic of Agriculture,2018,22.741,78.236
India,436.6,Basic Chemistry Organic of Agriculture,2017,22.741,78.236
India,284.1,Basic Chemistry Organic of Agriculture,2016,22.741,78.236
India,275.2,Basic Chemistry Organic of Agriculture,2015,22.741,78.236
India,276.2,Basic Chemistry Organic of Agriculture,2014,22.741,78.236
India,170.5,Basic Chemistry Organic of Agriculture,2013,22.741,78.236
India,157.7,Basic Chemistry Organic of Agriculture,2012,22.741,78.236
Hong Kong,0.318,Seaweed and other Algae,2018,22.4114,114.0599
Hong Kong,0.963,Seaweed and other Algae,2017,22.4114,114.0599
Hong Kong,2.2734,Seaweed and other Algae,2016,22.4114,114.0599
Hong Kong,2.3253,Seaweed and other Algae,2015,22.4114,114.0599
Hong Kong,3.8843,Seaweed and other Algae,2014,22.4114,114.0599
Hong Kong,2.8474,Seaweed and other Algae,2013,22.4114,114.0599
Hong Kong,2.1766,Seaweed and other Algae,2012,22.4114,114.0599
Hong Kong,413.4507,Jewellery Goods and Valuables,2018,22.4114,114.0599
Hong Kong,397.0891,Jewellery Goods and Valuables,2017,22.4114,114.0599
Hong Kong,486.3619,Jewellery Goods and Valuables,2016,22.4114,114.0599
Hong Kong,429.4467,Jewellery Goods and Valuables,2015,22.4114,114.0599
Hong Kong,366.3739,Jewellery Goods and Valuables,2014,22.4114,114.0599
Hong Kong,28.0004,Jewellery Goods and Valuables,2013,22.4114,114.0599
Hong Kong,37.1795,Jewellery Goods and Valuables,2012,22.4114,114.0599
Hong Kong,3.393,Fruit,2018,22.4114,114.0599
Hong Kong,1.3439,Fruit,2017,22.4114,114.0599
Hong Kong,4.6172,Fruit,2016,22.4114,114.0599
Hong Kong,4.253,Fruit,2015,22.4114,114.0599
Hong Kong,1.5446,Fruit,2014,22.4114,114.0599
Hong Kong,1.8231,Fruit,2013,22.4114,114.0599
Hong Kong,7.470266,Fruit,2012,22.4114,114.0599
Hong Kong,7.3422,Fresh Chilled Fish,2018,22.4114,114.0599
Hong Kong,6.2341,Fresh Chilled Fish,2017,22.4114,114.0599
Hong Kong,4.401,Fresh Chilled Fish,2016,22.4114,114.0599
Hong Kong,3.2037,Fresh Chilled Fish,2015,22.4114,114.0599
Hong Kong,3.45,Fresh Chilled Fish,2014,22.4114,114.0599
Hong Kong,4.3399,Fresh Chilled Fish,2013,22.4114,114.0599
Hong Kong,4.4229,Fresh Chilled Fish,2012,22.4114,114.0599
Hong Kong,139.91,Electrical Equipment,2018,22.4114,114.0599
Hong Kong,152.8446,Electrical Equipment,2017,22.4114,114.0599
Hong Kong,132.4055,Electrical Equipment,2016,22.4114,114.0599
Hong Kong,138.8356,Electrical Equipment,2015,22.4114,114.0599
Hong Kong,126.4436,Electrical Equipment,2014,22.4114,114.0599
Hong Kong,155.9594,Electrical Equipment,2013,22.4114,114.0599
Hong Kong,141.1291,Electrical Equipment,2012,22.4114,114.0599
Hong Kong,88.0482,Bird Nest,2018,22.4114,114.0599
Hong Kong,132.233,Bird Nest,2017,22.4114,114.0599
Hong Kong,117.3193739,Bird Nest,2016,22.4114,114.0599
Hong Kong,42.90744058,Bird Nest,2015,22.4114,114.0599
Hong Kong,65.621816,Bird Nest,2014,22.4114,114.0599
Hong Kong,67.598204,Bird Nest,2013,22.4114,114.0599
Hong Kong,59.048332,Bird Nest,2012,22.4114,114.0599
Hong Kong,80.6743,Base Precious Metal,2018,22.4114,114.0599
Hong Kong,68.5166,Base Precious Metal,2017,22.4114,114.0599
Hong Kong,59.4091,Base Precious Metal,2016,22.4114,114.0599
Hong Kong,28.7438,Base Precious Metal,2015,22.4114,114.0599
Hong Kong,19.8398,Base Precious Metal,2014,22.4114,114.0599
Hong Kong,20.1078,Base Precious Metal,2013,22.4114,114.0599
Hong Kong,21.530317,Base Precious Metal,2012,22.4114,114.0599
Germany,7.2889,White Pepper,2018,51.3819,9.9877
Germany,11.904,White Pepper,2017,51.3819,9.9877
Germany,11.7818,White Pepper,2016,51.3819,9.9877
Germany,21.632601,White Pepper,2015,51.3819,9.9877
Germany,17.246119,White Pepper,2014,51.3819,9.9877
Germany,14.254026,White Pepper,2013,51.3819,9.9877
Germany,11.658555,White Pepper,2012,51.3819,9.9877
Germany,188,Sport Shoes,2018,51.3819,9.9877
Germany,170.4,Sport Shoes,2017,51.3819,9.9877
Germany,178.3,Sport Shoes,2016,51.3819,9.9877
Germany,159.5,Sport Shoes,2015,51.3819,9.9877
Germany,128.3,Sport Shoes,2014,51.3819,9.9877
Germany,111.5,Sport Shoes,2013,51.3819,9.9877
Germany,104.7,Sport Shoes,2012,51.3819,9.9877
Germany,381.6,Garment (Convection of Textile,2018,51.3819,9.9877
Germany,372.5,Garment (Convection of Textile,2017,51.3819,9.9877
Germany,389.9,Garment (Convection of Textile,2016,51.3819,9.9877
Germany,386.4,Garment (Convection of Textile,2015,51.3819,9.9877
Germany,449.4,Garment (Convection of Textile,2014,51.3819,9.9877
Germany,423.2,Garment (Convection of Textile,2013,51.3819,9.9877
Germany,434.9,Garment (Convection of Textile,2012,51.3819,9.9877
Germany,13.8089,"Drug Plants, Aromatic, Spices",2018,51.3819,9.9877
Germany,12.0362,"Drug Plants, Aromatic, Spices",2017,51.3819,9.9877
Germany,9.1197,"Drug Plants, Aromatic, Spices",2016,51.3819,9.9877
Germany,7.4073,"Drug Plants, Aromatic, Spices",2015,51.3819,9.9877
Germany,10.0599,"Drug Plants, Aromatic, Spices",2014,51.3819,9.9877
Germany,8.6886,"Drug Plants, Aromatic, Spices",2013,51.3819,9.9877
Germany,6.432424,"Drug Plants, Aromatic, Spices",2012,51.3819,9.9877
Germany,97.9,Crumb Rubber,2018,51.3819,9.9877
Germany,123.5,Crumb Rubber,2017,51.3819,9.9877
Germany,88.3,Crumb Rubber,2016,51.3819,9.9877
Germany,96.1,Crumb Rubber,2015,51.3819,9.9877
Germany,130.9,Crumb Rubber,2014,51.3819,9.9877
Germany,177.3,Crumb Rubber,2013,51.3819,9.9877
Germany,186.6,Crumb Rubber,2012,51.3819,9.9877
Germany,42.8595,Coffee,2018,51.3819,9.9877
Germany,103.9925,Coffee,2017,51.3819,9.9877
Germany,90.1851,Coffee,2016,51.3819,9.9877
Germany,88.413,Coffee,2015,51.3819,9.9877
Germany,84.4592,Coffee,2014,51.3819,9.9877
Germany,122.1029,Coffee,2013,51.3819,9.9877
Germany,116.8793,Coffee,2012,51.3819,9.9877
Germany,70.5174,Coffee,2011,51.3819,9.9877
Germany,107.9434,Coffee,2010,51.3819,9.9877
Germany,109.4084,Coffee,2009,51.3819,9.9877
Germany,173.9551,Coffee,2008,51.3819,9.9877
Germany,76.3155,Coffee,2007,51.3819,9.9877
Germany,79.1271,Coffee,2006,51.3819,9.9877
Germany,78.1641,Coffee,2005,51.3819,9.9877
Germany,37.4691,Coffee,2004,51.3819,9.9877
Germany,37.4814,Coffee,2003,51.3819,9.9877
Germany,28.7768,Coffee,2002,51.3819,9.9877
Germany,18.3964,Coffee,2001,51.3819,9.9877
Germany,37.3026,Coffee,2000,51.3819,9.9877
Germany,1.8439,Black Pepper,2018,51.3819,9.9877
Germany,2.8958,Black Pepper,2017,51.3819,9.9877
Germany,9.28246459,Black Pepper,2016,51.3819,9.9877
Germany,9.16468,Black Pepper,2015,51.3819,9.9877
Germany,6.76751,Black Pepper,2014,51.3819,9.9877
Germany,2.586885,Black Pepper,2013,51.3819,9.9877
Germany,5.166064,Black Pepper,2012,51.3819,9.9877
Germany,86.5,Basic Chemistry Organic of Agriculture,2018,51.3819,9.9877
Germany,119.8,Basic Chemistry Organic of Agriculture,2017,51.3819,9.9877
Germany,88.5,Basic Chemistry Organic of Agriculture,2016,51.3819,9.9877
Germany,54.6,Basic Chemistry Organic of Agriculture,2015,51.3819,9.9877
Germany,57,Basic Chemistry Organic of Agriculture,2014,51.3819,9.9877
Germany,50.6,Basic Chemistry Organic of Agriculture,2013,51.3819,9.9877
Germany,58.9,Basic Chemistry Organic of Agriculture,2012,51.3819,9.9877
Georgia,20.0492,Coffee,2018,42.05,43.576
Georgia,24.7571,Coffee,2017,42.05,43.576
Georgia,20.9802,Coffee,2016,42.05,43.576
Georgia,22.0434,Coffee,2015,42.05,43.576
Georgia,20.3683,Coffee,2014,42.05,43.576
Georgia,22.8456,Coffee,2013,42.05,43.576
Georgia,19.3234,Coffee,2012,42.05,43.576
Georgia,15.2533,Coffee,2011,42.05,43.576
Georgia,13.6509,Coffee,2010,42.05,43.576
Georgia,16.0209,Coffee,2009,42.05,43.576
Georgia,18.2422,Coffee,2008,42.05,43.576
Georgia,10.1904,Coffee,2007,42.05,43.576
Georgia,10.9196,Coffee,2006,42.05,43.576
Georgia,6.332,Coffee,2005,42.05,43.576
Georgia,3.1666,Coffee,2004,42.05,43.576
Georgia,2.9959,Coffee,2003,42.05,43.576
Georgia,2.362,Coffee,2002,42.05,43.576
Georgia,1.1969,Coffee,2001,42.05,43.576
Georgia,2.4736,Coffee,2000,42.05,43.576
France,2.3947,White Pepper,2018,46.656,2.543
France,2.1159,White Pepper,2017,46.656,2.543
France,5.883456,White Pepper,2016,46.656,2.543
France,5.399836,White Pepper,2015,46.656,2.543
France,4.281516,White Pepper,2014,46.656,2.543
France,4.132795,White Pepper,2013,46.656,2.543
France,2.241425,White Pepper,2012,46.656,2.543
France,4.0881,Seaweed and other Algae,2018,46.656,2.543
France,1.4656,Seaweed and other Algae,2017,46.656,2.543
France,0.7347,Seaweed and other Algae,2016,46.656,2.543
France,3.6955,Seaweed and other Algae,2015,46.656,2.543
France,3.4874,Seaweed and other Algae,2014,46.656,2.543
France,2.299,Seaweed and other Algae,2013,46.656,2.543
France,0.9789,Seaweed and other Algae,2012,46.656,2.543
France,270.8276,Electrical Equipment,2018,46.656,2.543
France,265.5741,Electrical Equipment,2017,46.656,2.543
France,230.9645,Electrical Equipment,2016,46.656,2.543
France,246.4927,Electrical Equipment,2015,46.656,2.543
France,225.1257,Electrical Equipment,2014,46.656,2.543
France,229.5571,Electrical Equipment,2013,46.656,2.543
France,190.1521,Electrical Equipment,2012,46.656,2.543
France,1.3415,Coffee,2018,46.656,2.543
France,5.6791,Coffee,2017,46.656,2.543
France,14.4926,Coffee,2016,46.656,2.543
France,23.7416,Coffee,2015,46.656,2.543
France,12.4473,Coffee,2014,46.656,2.543
France,21.5145,Coffee,2013,46.656,2.543
France,17.1428,Coffee,2012,46.656,2.543
France,8.8705,Coffee,2011,46.656,2.543
France,9.0478,Coffee,2010,46.656,2.543
France,12.4158,Coffee,2009,46.656,2.543
France,11.8396,Coffee,2008,46.656,2.543
France,4.9896,Coffee,2007,46.656,2.543
France,2.2458,Coffee,2006,46.656,2.543
France,3.4539,Coffee,2005,46.656,2.543
France,1.6075,Coffee,2004,46.656,2.543
France,1.2057,Coffee,2003,46.656,2.543
France,1.6775,Coffee,2002,46.656,2.543
France,0.1414,Coffee,2001,46.656,2.543
France,1.9494,Coffee,2000,46.656,2.543
France,1.41,Black Pepper,2018,46.656,2.543
France,7.5928,Black Pepper,2017,46.656,2.543
France,12.78552744,Black Pepper,2016,46.656,2.543
France,4.5760955,Black Pepper,2015,46.656,2.543
France,2.455714,Black Pepper,2014,46.656,2.543
France,3.332665,Black Pepper,2013,46.656,2.543
France,1.97438,Black Pepper,2012,46.656,2.543
Egypt,56.9532,Coffee,2018,26.16,28.742
Egypt,52.7962,Coffee,2017,26.16,28.742
Egypt,41.1712,Coffee,2016,26.16,28.742
Egypt,39.5376,Coffee,2015,26.16,28.742
Egypt,32.3964,Coffee,2014,26.16,28.742
Egypt,35.5727,Coffee,2013,26.16,28.742
Egypt,38.0908,Coffee,2012,26.16,28.742
Egypt,24.0354,Coffee,2011,26.16,28.742
Egypt,19.0093,Coffee,2010,26.16,28.742
Egypt,15.6916,Coffee,2009,26.16,28.742
Egypt,19.8416,Coffee,2008,26.16,28.742
Egypt,9.3558,Coffee,2007,26.16,28.742
Egypt,13.8287,Coffee,2006,26.16,28.742
Egypt,8.2511,Coffee,2005,26.16,28.742
Egypt,4.923,Coffee,2004,26.16,28.742
Egypt,3.7104,Coffee,2003,26.16,28.742
Egypt,2.0919,Coffee,2002,26.16,28.742
Egypt,2.5877,Coffee,2001,26.16,28.742
Egypt,4.1614,Coffee,2000,26.16,28.742
Denmark,1.0343,Seaweed and other Algae,2018,56.113,9.096
Denmark,0.7602,Seaweed and other Algae,2017,56.113,9.096
Denmark,0.5809,Seaweed and other Algae,2016,56.113,9.096
Denmark,0.8994,Seaweed and other Algae,2015,56.113,9.096
Denmark,1.0155,Seaweed and other Algae,2014,56.113,9.096
Denmark,1.6223,Seaweed and other Algae,2013,56.113,9.096
Denmark,0.6996,Seaweed and other Algae,2012,56.113,9.096
Denmark,0.2595,Coffee,2018,56.113,9.096
Denmark,0.2373,Coffee,2017,56.113,9.096
Denmark,0.7126,Coffee,2016,56.113,9.096
Denmark,0.6878,Coffee,2015,56.113,9.096
Denmark,0.9831,Coffee,2014,56.113,9.096
Denmark,0.7809,Coffee,2013,56.113,9.096
Denmark,0.9048,Coffee,2012,56.113,9.096
Denmark,0.743,Coffee,2011,56.113,9.096
Denmark,1.5196,Coffee,2010,56.113,9.096
Denmark,1.116,Coffee,2009,56.113,9.096
Denmark,0.9412,Coffee,2008,56.113,9.096
Denmark,1.3866,Coffee,2007,56.113,9.096
Denmark,0.9023,Coffee,2006,56.113,9.096
Denmark,0.8552,Coffee,2005,56.113,9.096
Denmark,1.1526,Coffee,2004,56.113,9.096
Denmark,0.9861,Coffee,2003,56.113,9.096
Denmark,1.0539,Coffee,2002,56.113,9.096
Denmark,1.1816,Coffee,2001,56.113,9.096
Denmark,1.2236,Coffee,2000,56.113,9.096
China,297.8,Sport Shoes,2018,35.1753,99.3877
China,323.9,Sport Shoes,2017,35.1753,99.3877
China,219.6,Sport Shoes,2016,35.1753,99.3877
China,170.2,Sport Shoes,2015,35.1753,99.3877
China,121.2,Sport Shoes,2014,35.1753,99.3877
China,85.7,Sport Shoes,2013,35.1753,99.3877
China,87.9,Sport Shoes,2012,35.1753,99.3877
China,159.2069,Seaweed and other Algae,2018,35.1753,99.3877
China,127.5296,Seaweed and other Algae,2017,35.1753,99.3877
China,92.9652,Seaweed and other Algae,2016,35.1753,99.3877
China,109.6762,Seaweed and other Algae,2015,35.1753,99.3877
China,147.6548,Seaweed and other Algae,2014,35.1753,99.3877
China,113.3621,Seaweed and other Algae,2013,35.1753,99.3877
China,74.1703,Seaweed and other Algae,2012,35.1753,99.3877
China,3105.2,Lignite,2018,35.1753,99.3877
China,2397.9,Lignite,2017,35.1753,99.3877
China,1534.3,Lignite,2016,35.1753,99.3877
China,1180.8,Lignite,2015,35.1753,99.3877
China,2028.1,Lignite,2014,35.1753,99.3877
China,1618.3,Lignite,2013,35.1753,99.3877
China,1696.5,Lignite,2012,35.1753,99.3877
China,2618.6,Iron Steel,2018,35.1753,99.3877
China,2051.7,Iron Steel,2017,35.1753,99.3877
China,934.4,Iron Steel,2016,35.1753,99.3877
China,316.4,Iron Steel,2015,35.1753,99.3877
China,65.9,Iron Steel,2014,35.1753,99.3877
China,36.7,Iron Steel,2013,35.1753,99.3877
China,53.8,Iron Steel,2012,35.1753,99.3877
China,264.3,Garment (Convection of Textile,2018,35.1753,99.3877
China,223.8,Garment (Convection of Textile,2017,35.1753,99.3877
China,161.3,Garment (Convection of Textile,2016,35.1753,99.3877
China,156.8,Garment (Convection of Textile,2015,35.1753,99.3877
China,117.9,Garment (Convection of Textile,2014,35.1753,99.3877
China,100.2,Garment (Convection of Textile,2013,35.1753,99.3877
China,62.3,Garment (Convection of Textile,2012,35.1753,99.3877
China,50.8152,Fruit,2018,35.1753,99.3877
China,71.7459,Fruit,2017,35.1753,99.3877
China,51.9395,Fruit,2016,35.1753,99.3877
China,51.2102,Fruit,2015,35.1753,99.3877
China,49.4008,Fruit,2014,35.1753,99.3877
China,8.0075,Fruit,2013,35.1753,99.3877
China,16.031333,Fruit,2012,35.1753,99.3877
China,4.2384,Fresh Chilled Fish,2018,35.1753,99.3877
China,2.741,Fresh Chilled Fish,2017,35.1753,99.3877
China,3.8027,Fresh Chilled Fish,2016,35.1753,99.3877
China,1.1486,Fresh Chilled Fish,2015,35.1753,99.3877
China,2.4213,Fresh Chilled Fish,2014,35.1753,99.3877
China,4.9754,Fresh Chilled Fish,2013,35.1753,99.3877
China,7.6126,Fresh Chilled Fish,2012,35.1753,99.3877
China,172.0446,Electrical Equipment,2018,35.1753,99.3877
China,208.7405,Electrical Equipment,2017,35.1753,99.3877
China,167.0177,Electrical Equipment,2016,35.1753,99.3877
China,190.3672,Electrical Equipment,2015,35.1753,99.3877
China,158.6266,Electrical Equipment,2014,35.1753,99.3877
China,170.2571,Electrical Equipment,2013,35.1753,99.3877
China,115.1595,Electrical Equipment,2012,35.1753,99.3877
China,4.8155,"Drug Plants, Aromatic, Spices",2018,35.1753,99.3877
China,5.1984,"Drug Plants, Aromatic, Spices",2017,35.1753,99.3877
China,11.7732,"Drug Plants, Aromatic, Spices",2016,35.1753,99.3877
China,5.1687,"Drug Plants, Aromatic, Spices",2015,35.1753,99.3877
China,18.5273,"Drug Plants, Aromatic, Spices",2014,35.1753,99.3877
China,16.7508,"Drug Plants, Aromatic, Spices",2013,35.1753,99.3877
China,20.353258,"Drug Plants, Aromatic, Spices",2012,35.1753,99.3877
China,341.2,Crumb Rubber,2018,35.1753,99.3877
China,740.6,Crumb Rubber,2017,35.1753,99.3877
China,387.3,Crumb Rubber,2016,35.1753,99.3877
China,393.3,Crumb Rubber,2015,35.1753,99.3877
China,664.4,Crumb Rubber,2014,35.1753,99.3877
China,1278.8,Crumb Rubber,2013,35.1753,99.3877
China,1379.2,Crumb Rubber,2012,35.1753,99.3877
China,2.6774,Black Pepper,2018,35.1753,99.3877
China,1.8729,Black Pepper,2017,35.1753,99.3877
China,12.49366569,Black Pepper,2016,35.1753,99.3877
China,21.15145875,Black Pepper,2015,35.1753,99.3877
China,9.57005,Black Pepper,2014,35.1753,99.3877
China,4.853069,Black Pepper,2013,35.1753,99.3877
China,10.538142,Black Pepper,2012,35.1753,99.3877
China,139.8214,Bird Nest,2018,35.1753,99.3877
China,102.8977,Bird Nest,2017,35.1753,99.3877
China,35.70404,Bird Nest,2016,35.1753,99.3877
China,16.41260335,Bird Nest,2015,35.1753,99.3877
China,0,Bird Nest,2014,35.1753,99.3877
China,0.141775,Bird Nest,2013,35.1753,99.3877
China,0.410931,Bird Nest,2012,35.1753,99.3877
China,1247.4,Basic Chemistry Organic of Agriculture,2018,35.1753,99.3877
China,799.2,Basic Chemistry Organic of Agriculture,2017,35.1753,99.3877
China,738.8,Basic Chemistry Organic of Agriculture,2016,35.1753,99.3877
China,589,Basic Chemistry Organic of Agriculture,2015,35.1753,99.3877
China,1437.6,Basic Chemistry Organic of Agriculture,2014,35.1753,99.3877
China,751.3,Basic Chemistry Organic of Agriculture,2013,35.1753,99.3877
China,671.9,Basic Chemistry Organic of Agriculture,2012,35.1753,99.3877
China,4.8155,Base Precious Metal,2018,35.1753,99.3877
China,5.1984,Base Precious Metal,2017,35.1753,99.3877
China,11.7732,Base Precious Metal,2016,35.1753,99.3877
China,5.1687,Base Precious Metal,2015,35.1753,99.3877
China,18.5273,Base Precious Metal,2014,35.1753,99.3877
China,16.7508,Base Precious Metal,2013,35.1753,99.3877
China,20.353258,Base Precious Metal,2012,35.1753,99.3877
Chile,6.513,Seaweed and other Algae,2018,-23.176,-69.201
Chile,6.0175,Seaweed and other Algae,2017,-23.176,-69.201
Chile,4.6045,Seaweed and other Algae,2016,-23.176,-69.201
Chile,9.2985,Seaweed and other Algae,2015,-23.176,-69.201
Chile,10.7532,Seaweed and other Algae,2014,-23.176,-69.201
Chile,7.1957,Seaweed and other Algae,2013,-23.176,-69.201
Chile,5.371,Seaweed and other Algae,2012,-23.176,-69.201
Canada,178.7,Garment (Convection of Textile,2018,59.2067,-111.1937
Canada,162.1,Garment (Convection of Textile,2017,59.2067,-111.1937
Canada,145.8,Garment (Convection of Textile,2016,59.2067,-111.1937
Canada,140.5,Garment (Convection of Textile,2015,59.2067,-111.1937
Canada,147.1,Garment (Convection of Textile,2014,59.2067,-111.1937
Canada,134.3,Garment (Convection of Textile,2013,59.2067,-111.1937
Canada,125.5,Garment (Convection of Textile,2012,59.2067,-111.1937
Canada,124.3,Crumb Rubber,2018,59.2067,-111.1937
Canada,151.1,Crumb Rubber,2017,59.2067,-111.1937
Canada,94.9,Crumb Rubber,2016,59.2067,-111.1937
Canada,108.4,Crumb Rubber,2015,59.2067,-111.1937
Canada,133,Crumb Rubber,2014,59.2067,-111.1937
Canada,183.9,Crumb Rubber,2013,59.2067,-111.1937
Canada,246.3,Crumb Rubber,2012,59.2067,-111.1937
Canada,2.281,Bird Nest,2018,59.2067,-111.1937
Canada,2.2759,Bird Nest,2017,59.2067,-111.1937
Canada,1.991033589,Bird Nest,2016,59.2067,-111.1937
Canada,2.018838261,Bird Nest,2015,59.2067,-111.1937
Canada,2.004266,Bird Nest,2014,59.2067,-111.1937
Canada,3.674364,Bird Nest,2013,59.2067,-111.1937
Canada,4.246293,Bird Nest,2012,59.2067,-111.1937
Cambodia,0.6,Lignite,2018,12.69,104.444
Cambodia,0,Lignite,2017,12.69,104.444
Cambodia,1.9,Lignite,2016,12.69,104.444
Cambodia,0,Lignite,2015,12.69,104.444
Cambodia,0.4,Lignite,2014,12.69,104.444
Cambodia,0,Lignite,2013,12.69,104.444
Cambodia,0,Lignite,2012,12.69,104.444
Cambodia,0,Bird Nest,2018,12.69,104.444
Cambodia,0.0222,Bird Nest,2017,12.69,104.444
Cambodia,0.096845,Bird Nest,2016,12.69,104.444
Cambodia,7.50E-05,Bird Nest,2015,12.69,104.444
Cambodia,0.002827,Bird Nest,2014,12.69,104.444
Cambodia,0.001159,Bird Nest,2013,12.69,104.444
Cambodia,0.00018,Bird Nest,2012,12.69,104.444
Brazil,131.7,Crumb Rubber,2018,-11.694,-48.978
Brazil,163,Crumb Rubber,2017,-11.694,-48.978
Brazil,125.7,Crumb Rubber,2016,-11.694,-48.978
Brazil,132.2,Crumb Rubber,2015,-11.694,-48.978
Brazil,183.1,Crumb Rubber,2014,-11.694,-48.978
Brazil,220.4,Crumb Rubber,2013,-11.694,-48.978
Brazil,221,Crumb Rubber,2012,-11.694,-48.978
Belgium and Luxembourg,355.3,Sport Shoes,2018,50.6745,4.4588
Belgium and Luxembourg,319.5,Sport Shoes,2017,50.6745,4.4588
Belgium and Luxembourg,273.2,Sport Shoes,2016,50.6745,4.4588
Belgium and Luxembourg,287.4,Sport Shoes,2015,50.6745,4.4588
Belgium and Luxembourg,295.5,Sport Shoes,2014,50.6745,4.4588
Belgium and Luxembourg,265.3,Sport Shoes,2013,50.6745,4.4588
Belgium and Luxembourg,262.6,Sport Shoes,2012,50.6745,4.4588
Belgium and Luxembourg,146.5,Garment (Convection of Textile,2018,50.6745,4.4588
Belgium and Luxembourg,145.8,Garment (Convection of Textile,2017,50.6745,4.4588
Belgium and Luxembourg,160.1,Garment (Convection of Textile,2016,50.6745,4.4588
Belgium and Luxembourg,146.1,Garment (Convection of Textile,2015,50.6745,4.4588
Belgium and Luxembourg,160.5,Garment (Convection of Textile,2014,50.6745,4.4588
Belgium and Luxembourg,134.8,Garment (Convection of Textile,2013,50.6745,4.4588
Belgium and Luxembourg,148.7,Garment (Convection of Textile,2012,50.6745,4.4588
Belgium and Luxembourg,64.4,Crumb Rubber,2018,50.6745,4.4588
Belgium and Luxembourg,86.4,Crumb Rubber,2017,50.6745,4.4588
Belgium and Luxembourg,87.8,Crumb Rubber,2016,50.6745,4.4588
Belgium and Luxembourg,86.8,Crumb Rubber,2015,50.6745,4.4588
Belgium and Luxembourg,101.2,Crumb Rubber,2014,50.6745,4.4588
Belgium and Luxembourg,140.3,Crumb Rubber,2013,50.6745,4.4588
Belgium and Luxembourg,117.4,Crumb Rubber,2012,50.6745,4.4588
Belgium and Luxembourg,23.7296,Coffee,2018,50.6745,4.4588
Belgium and Luxembourg,31.538,Coffee,2017,50.6745,4.4588
Belgium and Luxembourg,28.8219,Coffee,2016,50.6745,4.4588
Belgium and Luxembourg,15.6734,Coffee,2015,50.6745,4.4588
Belgium and Luxembourg,32.6297,Coffee,2014,50.6745,4.4588
Belgium and Luxembourg,45.3572,Coffee,2013,50.6745,4.4588
Belgium and Luxembourg,38.6313,Coffee,2012,50.6745,4.4588
Belgium and Luxembourg,49.2549,Coffee,2011,50.6745,4.4588
Belgium and Luxembourg,30.4924,Coffee,2010,50.6745,4.4588
Belgium and Luxembourg,48.1808,Coffee,2009,50.6745,4.4588
Belgium and Luxembourg,70.2101,Coffee,2008,50.6745,4.4588
Belgium and Luxembourg,8.8791,Coffee,2007,50.6745,4.4588
Belgium and Luxembourg,7.3904,Coffee,2006,50.6745,4.4588
Belgium and Luxembourg,13.6092,Coffee,2005,50.6745,4.4588
Belgium and Luxembourg,6.152,Coffee,2004,50.6745,4.4588
Belgium and Luxembourg,3.4469,Coffee,2003,50.6745,4.4588
Belgium and Luxembourg,4.5146,Coffee,2002,50.6745,4.4588
Belgium and Luxembourg,3.3858,Coffee,2001,50.6745,4.4588
Belgium and Luxembourg,4.5065,Coffee,2000,50.6745,4.4588
Bangladesh,9.4859,"Drug Plants, Aromatic, Spices",2018,24.598,90.1963
Bangladesh,21.2899,"Drug Plants, Aromatic, Spices",2017,24.598,90.1963
Bangladesh,9.2617,"Drug Plants, Aromatic, Spices",2016,24.598,90.1963
Bangladesh,37.2056,"Drug Plants, Aromatic, Spices",2015,24.598,90.1963
Bangladesh,82.6355,"Drug Plants, Aromatic, Spices",2014,24.598,90.1963
Bangladesh,46.0631,"Drug Plants, Aromatic, Spices",2013,24.598,90.1963
Bangladesh,27.041583,"Drug Plants, Aromatic, Spices",2012,24.598,90.1963
Australia,4.6411,Jewellery Goods and Valuables,2018,-24.578,133.582
Australia,10.2081,Jewellery Goods and Valuables,2017,-24.578,133.582
Australia,10.0178,Jewellery Goods and Valuables,2016,-24.578,133.582
Australia,12.2735,Jewellery Goods and Valuables,2015,-24.578,133.582
Australia,2.3108,Jewellery Goods and Valuables,2014,-24.578,133.582
Australia,1.981,Jewellery Goods and Valuables,2013,-24.578,133.582
Australia,1.9066,Jewellery Goods and Valuables,2012,-24.578,133.582
Australia,99.9,Iron Steel,2018,-24.578,133.582
Australia,59,Iron Steel,2017,-24.578,133.582
Australia,87.6,Iron Steel,2016,-24.578,133.582
Australia,745.5,Iron Steel,2015,-24.578,133.582
Australia,355.3,Iron Steel,2014,-24.578,133.582
Australia,170.9,Iron Steel,2013,-24.578,133.582
Australia,133.9,Iron Steel,2012,-24.578,133.582
Australia,180.3,Garment (Convection of Textile,2018,-24.578,133.582
Australia,165.7,Garment (Convection of Textile,2017,-24.578,133.582
Australia,162.1,Garment (Convection of Textile,2016,-24.578,133.582
Australia,139.9,Garment (Convection of Textile,2015,-24.578,133.582
Australia,112.6,Garment (Convection of Textile,2014,-24.578,133.582
Australia,104.4,Garment (Convection of Textile,2013,-24.578,133.582
Australia,85.2,Garment (Convection of Textile,2012,-24.578,133.582
Australia,2.2369,Fresh Chilled Fish,2018,-24.578,133.582
Australia,3.3004,Fresh Chilled Fish,2017,-24.578,133.582
Australia,3.4515,Fresh Chilled Fish,2016,-24.578,133.582
Australia,3.213,Fresh Chilled Fish,2015,-24.578,133.582
Australia,2.5505,Fresh Chilled Fish,2014,-24.578,133.582
Australia,4.0083,Fresh Chilled Fish,2013,-24.578,133.582
Australia,2.2006,Fresh Chilled Fish,2012,-24.578,133.582
Australia,57.5171,Base Precious Metal,2018,-24.578,133.582
Australia,47.5992,Base Precious Metal,2017,-24.578,133.582
Australia,28.1707,Base Precious Metal,2016,-24.578,133.582
Australia,32.1772,Base Precious Metal,2015,-24.578,133.582
Australia,34.7344,Base Precious Metal,2014,-24.578,133.582
Australia,36.2126,Base Precious Metal,2013,-24.578,133.582
Australia,35.060665,Base Precious Metal,2012,-24.578,133.582
Algeria,8.9461,Coffee,2018,28.6045,2.64
Algeria,38.6291,Coffee,2017,28.6045,2.64
Algeria,17.3532,Coffee,2016,28.6045,2.64
Algeria,30.1452,Coffee,2015,28.6045,2.64
Algeria,20.9491,Coffee,2014,28.6045,2.64
Algeria,43.6221,Coffee,2013,28.6045,2.64
Algeria,21.9704,Coffee,2012,28.6045,2.64
Algeria,13.2854,Coffee,2011,28.6045,2.64
Algeria,15.3905,Coffee,2010,28.6045,2.64
Algeria,37.1486,Coffee,2009,28.6045,2.64
Algeria,47.1242,Coffee,2008,28.6045,2.64
Algeria,13.3768,Coffee,2007,28.6045,2.64
Algeria,15.7423,Coffee,2006,28.6045,2.64
Algeria,17.4205,Coffee,2005,28.6045,2.64
Algeria,8.3564,Coffee,2004,28.6045,2.64
Algeria,2.9568,Coffee,2003,28.6045,2.64
Algeria,1.5374,Coffee,2002,28.6045,2.64
Algeria,0.9541,Coffee,2001,28.6045,2.64
Algeria,1.0475,Coffee,2000,28.6045,2.64
