MajorPorts,Province,Year,Latitude,Longitude,Values
Waingapu,NTT,2018,-9.63969,120.25055,0
Ujung Pandang,Sulawesi Selatan,2018,5.133333333,119.4,160.4
Tuban,Jawa Timur,2018,-6.786842,111.8976,756
Ternate,Maluku Utara,2018,0.78066,127.38809,1.8
Tenau,NTT,2018,-10.1718,123.6075,0.1
Teluk Kasim/Salawati,Papua Barat,2018,1.3,131.0166667,0
Tanjung Santan,Kalimantan Timur,2018,8.733333333,109,0
Tanjung Sangata,Kalimantan Timur,2018,0.366666667,117.5666667,21.1
Tanjung Priok,DKI Jakarta,2018,-6.10492,106.87615,48068.2
Tanjung Pinang,Kepulauan Riau,2018,0.92914,104.45295,7.6
Tanjung Perak,Jawa Timur,2018,7.216666667,112.7333333,16229.6
Tanjung Emas,Jawa Tengah,2018,6.883333333,110.4,6407.6
Sorong,Papua Barat,2018,-0.87802,131.24612,0
Soekarno Hatta 1,DKI Jakarta,2018,5.1225,119.4078,6415.7
Senipah,Kalimantan Timur,2018,0.95,117.1666667,53.2
Sekupang,Kepulauan Riau,2018,1.133333333,103.9166667,2214.1
Samarinda,Kalimantan Timur,2018,-0.50507,117.15071,5088.1
Pulau Sambu,Kepulauan Riau,2018,1.166666667,103.9,12.8
Pontianak,Kalimantan Barat,2018,-0.01847,109.33552,367.4
Pomalaa,Sulawesi Tenggara,2018,-4.23145,121.57935,286.1
Pantoloan,Sulawesi Tengah,2018,-0.69477,119.84041,457.9
Panjang,Lampung,2018,5.466666667,105.3166667,1714.2
Pangkalan Susu,Sumatera Utara,2018,4.116666667,98.21666667,0.5
Palembang0Plaju,Sumatera Selatan,2018,2.984722222,104.8347222,370.5
Palembang (Kertapati),Sumatera Selatan,2018,-2.178201,104.952,177.1
Pakanbaru/Rumbai,Riau,2018,0.5566,101.4507,8.9
Padang/Teluk Bayur,Sumatera Barat,2018,-8.53394,115.5086,1594.5
Ngurah Rai 1,Bali,2018,-8.75,115.1667,306.8
Musi River/Boom Baru,Sumatera Selatan,2018,2.981111111,104.7816667,3186.4
Merak,Banten,2018,5.95,106,563.7
Mamuju,Sulawesi Barat,2018,-2.66758,118.8942,0
Malili,Sulawesi Selatan,2018,-2.66317,120.98228,230.9
Lingkas Tarakan,Kalimantan Utara,2018,3.283333333,117.6,780.8
Kupang,NTT,2018,-10.15375,123.59051,0
Kotabaru,Kalimantan Selatan,2018,3.233333333,116.2166667,320.3
Kolaka,Sulawesi Tenggara,2018,4.0581,121.5851,0
Kabil/Panau,Kepulauan Riau,2018,1.352016667,104.1581722,1447.1
Hasanuddin 1,Sulawesi Selatan,2018,-5.14,119.4221,4.6
Dumai,Riau,2018,1.6861,101.44849,12504
Cirebon,Jawa Barat,2018,-6.70907,108.57073,0
Cilacap,Jawa Tengah,2018,-7.74913,109.01491,171.4
Cigading,Banten,2018,6.016666667,105.95,685.8
Bontang,Kalimantan Timur,2018,0.08553,117.48763,4561.2
Blang Lancang (Arun),Aceh,2018,5.233333333,97.1,0.8
Bitung,Sulawesi Utara,2018,1.4389,125.19403,520.3
"Bintuni, Papua",Papua Barat,2018,0.82175,133.586425,2793.9
Bima,NTB,2018,-8.44602,118.71591,8
Benoa/Loloan,Bali,2018,-8.74329,115.20943,0.5
Belawan,Sumatera Utara,2018,3.79246,98.71623,7731.9
Batu Ampar,Kepulauan Riau,2018,1.169719444,104.02,4202.3
Banjarmasin,Kalimantan Selatan,2018,-3.33321,114.5551,4726.1
Balongan,Jawa Barat,2018,6.360561111,108.3902806,230.7
Balikpapan,Kalimantan Timur,2018,-1.25527,116.81594,1828.3
Bade Irian Jaya,Papua,2018,7.1687,139.5937,50.4
Atapupu,NTT,2018,8.9964,124.8617,17.7
Arjuna,Jawa Barat,2018,7.816666667,112.5666667,0
Ambon,Maluku,2018,-3.6941,128.17627,0
Amamapare,Papua,2018,-4.82653,136.84068,3760
Waingapu,NTT,2017,-9.63969,120.25055,0
Ujung Pandang,Sulawesi Selatan,2017,5.133333333,119.4,251.9
Tuban,Jawa Timur,2017,-6.786842,111.8976,821.5
Ternate,Maluku Utara,2017,0.78066,127.38809,5.6
Tenau,NTT,2017,-10.1718,123.6075,2.2
Teluk Kasim/Salawati,Papua Barat,2017,1.3,131.0166667,0
Tanjung Santan,Kalimantan Timur,2017,8.733333333,109,0
Tanjung Sangata,Kalimantan Timur,2017,0.366666667,117.5666667,43.1
Tanjung Priok,DKI Jakarta,2017,-6.10492,106.87615,45311.3
Tanjung Pinang,Kepulauan Riau,2017,0.92914,104.45295,5.8
Tanjung Perak,Jawa Timur,2017,7.216666667,112.7333333,14916.2
Tanjung Emas,Jawa Tengah,2017,6.883333333,110.4,5740.6
Sorong,Papua Barat,2017,-0.87802,131.24612,15.5
Soekarno Hatta 1,DKI Jakarta,2017,5.1225,119.4078,6364.6
Senipah,Kalimantan Timur,2017,0.95,117.1666667,440.5
Sekupang,Kepulauan Riau,2017,1.133333333,103.9166667,2095
Samarinda,Kalimantan Timur,2017,-0.50507,117.15071,4768.5
Pulau Sambu,Kepulauan Riau,2017,1.166666667,103.9,11.7
Pontianak,Kalimantan Barat,2017,-0.01847,109.33552,431.3
Pomalaa,Sulawesi Tenggara,2017,-4.23145,121.57935,141
Pantoloan,Sulawesi Tengah,2017,-0.69477,119.84041,404.7
Panjang,Lampung,2017,5.466666667,105.3166667,2123.2
Pangkalan Susu,Sumatera Utara,2017,4.116666667,98.21666667,0.3
Palembang0Plaju,Sumatera Selatan,2017,2.984722222,104.8347222,239.9
Palembang (Kertapati),Sumatera Selatan,2017,-2.178201,104.952,364.9
Pakanbaru/Rumbai,Riau,2017,0.5566,101.4507,6.9
Padang/Teluk Bayur,Sumatera Barat,2017,-8.53394,115.5086,2045.5
Ngurah Rai 1,Bali,2017,-8.75,115.1667,279.1
Musi River/Boom Baru,Sumatera Selatan,2017,2.981111111,104.7816667,2702.6
Merak,Banten,2017,5.95,106,581.7
Mamuju,Sulawesi Barat,2017,-2.66758,118.8942,0.2
Malili,Sulawesi Selatan,2017,-2.66317,120.98228,3.4
Lingkas Tarakan,Kalimantan Utara,2017,3.283333333,117.6,683.9
Kupang,NTT,2017,-10.15375,123.59051,0
Kotabaru,Kalimantan Selatan,2017,3.233333333,116.2166667,219.2
Kolaka,Sulawesi Tenggara,2017,4.0581,121.5851,0
Kabil/Panau,Kepulauan Riau,2017,1.352016667,104.1581722,1772
Hasanuddin 1,Sulawesi Selatan,2017,-5.14,119.4221,9.8
Dumai,Riau,2017,1.6861,101.44849,12972.8
Cirebon,Jawa Barat,2017,-6.70907,108.57073,0
Cilacap,Jawa Tengah,2017,-7.74913,109.01491,241.7
Cigading,Banten,2017,6.016666667,105.95,517.2
Bontang,Kalimantan Timur,2017,0.08553,117.48763,4478.9
Blang Lancang (Arun),Aceh,2017,5.233333333,97.1,0
Bitung,Sulawesi Utara,2017,1.4389,125.19403,627.9
"Bintuni, Papua",Papua Barat,2017,0.82175,133.586425,1939.6
Bima,NTB,2017,-8.44602,118.71591,0
Benoa/Loloan,Bali,2017,-8.74329,115.20943,0.4
Belawan,Sumatera Utara,2017,3.79246,98.71623,8111.3
Batu Ampar,Kepulauan Riau,2017,1.169719444,104.02,3438.7
Banjarmasin,Kalimantan Selatan,2017,-3.33321,114.5551,4154.1
Balongan,Jawa Barat,2017,6.360561111,108.3902806,207.1
Balikpapan,Kalimantan Timur,2017,-1.25527,116.81594,1618.1
Bade Irian Jaya,Papua,2017,7.1687,139.5937,43.9
Atapupu,NTT,2017,8.9964,124.8617,20.4
Arjuna,Jawa Barat,2017,7.816666667,112.5666667,0
Ambon,Maluku,2017,-3.6941,128.17627,0.3
Amamapare,Papua,2017,-4.82653,136.84068,2349.6
Waingapu,NTT,2016,-9.63969,120.25055,0
Ujung Pandang,Sulawesi Selatan,2016,5.133333333,119.4,491.6
Tuban,Jawa Timur,2016,-6.786842,111.8976,768.5
Ternate,Maluku Utara,2016,0.78066,127.38809,0
Tenau,NTT,2016,-10.1718,123.6075,13.2
Teluk Kasim/Salawati,Papua Barat,2016,1.3,131.0166667,0
Tanjung Santan,Kalimantan Timur,2016,8.733333333,109,0
Tanjung Sangata,Kalimantan Timur,2016,0.366666667,117.5666667,26.5
Tanjung Priok,DKI Jakarta,2016,-6.10492,106.87615,40461.5
Tanjung Pinang,Kepulauan Riau,2016,0.92914,104.45295,7.3
Tanjung Perak,Jawa Timur,2016,7.216666667,112.7333333,13225.6
Tanjung Emas,Jawa Tengah,2016,6.883333333,110.4,5248.3
Sorong,Papua Barat,2016,-0.87802,131.24612,54.2
Soekarno Hatta 1,DKI Jakarta,2016,5.1225,119.4078,5531.7
Senipah,Kalimantan Timur,2016,0.95,117.1666667,406.7
Sekupang,Kepulauan Riau,2016,1.133333333,103.9166667,2096.6
Samarinda,Kalimantan Timur,2016,-0.50507,117.15071,3525.4
Pulau Sambu,Kepulauan Riau,2016,1.166666667,103.9,12.1
Pontianak,Kalimantan Barat,2016,-0.01847,109.33552,459
Pomalaa,Sulawesi Tenggara,2016,-4.23145,121.57935,107.1
Pantoloan,Sulawesi Tengah,2016,-0.69477,119.84041,364.4
Panjang,Lampung,2016,5.466666667,105.3166667,1873.6
Pangkalan Susu,Sumatera Utara,2016,4.116666667,98.21666667,0.1
Palembang0Plaju,Sumatera Selatan,2016,2.984722222,104.8347222,118.2
Palembang (Kertapati),Sumatera Selatan,2016,-2.178201,104.952,195.4
Pakanbaru/Rumbai,Riau,2016,0.5566,101.4507,5
Padang/Teluk Bayur,Sumatera Barat,2016,-8.53394,115.5086,1708.1
Ngurah Rai 1,Bali,2016,-8.75,115.1667,256.5
Musi River/Boom Baru,Sumatera Selatan,2016,2.981111111,104.7816667,1665
Merak,Banten,2016,5.95,106,383.2
Mamuju,Sulawesi Barat,2016,-2.66758,118.8942,0
Malili,Sulawesi Selatan,2016,-2.66317,120.98228,0
Lingkas Tarakan,Kalimantan Utara,2016,3.283333333,117.6,606.2
Kupang,NTT,2016,-10.15375,123.59051,0
Kotabaru,Kalimantan Selatan,2016,3.233333333,116.2166667,249.7
Kolaka,Sulawesi Tenggara,2016,4.0581,121.5851,0
Kabil/Panau,Kepulauan Riau,2016,1.352016667,104.1581722,1757.9
Hasanuddin 1,Sulawesi Selatan,2016,-5.14,119.4221,22
Dumai,Riau,2016,1.6861,101.44849,10889.4
Cirebon,Jawa Barat,2016,-6.70907,108.57073,0
Cilacap,Jawa Tengah,2016,-7.74913,109.01491,136.3
Cigading,Banten,2016,6.016666667,105.95,352.1
Bontang,Kalimantan Timur,2016,0.08553,117.48763,4095.7
Blang Lancang (Arun),Aceh,2016,5.233333333,97.1,0
Bitung,Sulawesi Utara,2016,1.4389,125.19403,693.4
"Bintuni, Papua",Papua Barat,2016,0.82175,133.586425,1762
Bima,NTB,2016,-8.44602,118.71591,0
Benoa/Loloan,Bali,2016,-8.74329,115.20943,2.2
Belawan,Sumatera Utara,2016,3.79246,98.71623,6768.7
Batu Ampar,Kepulauan Riau,2016,1.169719444,104.02,3537.8
Banjarmasin,Kalimantan Selatan,2016,-3.33321,114.5551,3077.5
Balongan,Jawa Barat,2016,6.360561111,108.3902806,116.2
Balikpapan,Kalimantan Timur,2016,-1.25527,116.81594,1121.2
Bade Irian Jaya,Papua,2016,7.1687,139.5937,44.6
Atapupu,NTT,2016,8.9964,124.8617,19.9
Arjuna,Jawa Barat,2016,7.816666667,112.5666667,94.2
Ambon,Maluku,2016,-3.6941,128.17627,85
Amamapare,Papua,2016,-4.82653,136.84068,1908.2
Waingapu,NTT,2015,-9.63969,120.25055,0
Ujung Pandang,Sulawesi Selatan,2015,5.133333333,119.4,550.7
Tuban,Jawa Timur,2015,-6.786842,111.8976,371.5
Ternate,Maluku Utara,2015,0.78066,127.38809,0
Tenau,NTT,2015,-10.1718,123.6075,2.7
Teluk Kasim/Salawati,Papua Barat,2015,1.3,131.0166667,0
Tanjung Santan,Kalimantan Timur,2015,8.733333333,109,0
Tanjung Sangata,Kalimantan Timur,2015,0.366666667,117.5666667,31.4
Tanjung Priok,DKI Jakarta,2015,-6.10492,106.87615,40681.2
Tanjung Pinang,Kepulauan Riau,2015,0.92914,104.45295,7.4
Tanjung Perak,Jawa Timur,2015,7.216666667,112.7333333,12784.9
Tanjung Emas,Jawa Tengah,2015,6.883333333,110.4,5242.9
Sorong,Papua Barat,2015,-0.87802,131.24612,86.3
Soekarno Hatta 1,DKI Jakarta,2015,5.1225,119.4078,5674.1
Senipah,Kalimantan Timur,2015,0.95,117.1666667,450.7
Sekupang,Kepulauan Riau,2015,1.133333333,103.9166667,2342.2
Samarinda,Kalimantan Timur,2015,-0.50507,117.15071,4161.3
Pulau Sambu,Kepulauan Riau,2015,1.166666667,103.9,11
Pontianak,Kalimantan Barat,2015,-0.01847,109.33552,495.8
Pomalaa,Sulawesi Tenggara,2015,-4.23145,121.57935,128.9
Pantoloan,Sulawesi Tengah,2015,-0.69477,119.84041,340.2
Panjang,Lampung,2015,5.466666667,105.3166667,2315.9
Pangkalan Susu,Sumatera Utara,2015,4.116666667,98.21666667,0
Palembang0Plaju,Sumatera Selatan,2015,2.984722222,104.8347222,362
Palembang (Kertapati),Sumatera Selatan,2015,-2.178201,104.952,196.6
Pakanbaru/Rumbai,Riau,2015,0.5566,101.4507,0.5
Padang/Teluk Bayur,Sumatera Barat,2015,-8.53394,115.5086,1753.1
Ngurah Rai 1,Bali,2015,-8.75,115.1667,252.2
Musi River/Boom Baru,Sumatera Selatan,2015,2.981111111,104.7816667,1883.8
Merak,Banten,2015,5.95,106,297.2
Mamuju,Sulawesi Barat,2015,-2.66758,118.8942,0
Malili,Sulawesi Selatan,2015,-2.66317,120.98228,0
Lingkas Tarakan,Kalimantan Utara,2015,3.283333333,117.6,892.8
Kupang,NTT,2015,-10.15375,123.59051,0.1
Kotabaru,Kalimantan Selatan,2015,3.233333333,116.2166667,185.2
Kolaka,Sulawesi Tenggara,2015,4.0581,121.5851,0
Kabil/Panau,Kepulauan Riau,2015,1.352016667,104.1581722,1911.1
Hasanuddin 1,Sulawesi Selatan,2015,-5.14,119.4221,17.7
Dumai,Riau,2015,1.6861,101.44849,11415.9
Cirebon,Jawa Barat,2015,-6.70907,108.57073,0
Cilacap,Jawa Tengah,2015,-7.74913,109.01491,126.9
Cigading,Banten,2015,6.016666667,105.95,294
Bontang,Kalimantan Timur,2015,0.08553,117.48763,6013.3
Blang Lancang (Arun),Aceh,2015,5.233333333,97.1,38.8
Bitung,Sulawesi Utara,2015,1.4389,125.19403,676.7
"Bintuni, Papua",Papua Barat,2015,0.82175,133.586425,2641.8
Bima,NTB,2015,-8.44602,118.71591,0
Benoa/Loloan,Bali,2015,-8.74329,115.20943,1.8
Belawan,Sumatera Utara,2015,3.79246,98.71623,6618.1
Batu Ampar,Kepulauan Riau,2015,1.169719444,104.02,3278.1
Banjarmasin,Kalimantan Selatan,2015,-3.33321,114.5551,3379.2
Balongan,Jawa Barat,2015,6.360561111,108.3902806,177.2
Balikpapan,Kalimantan Timur,2015,-1.25527,116.81594,1889.3
Bade Irian Jaya,Papua,2015,7.1687,139.5937,68.5
Atapupu,NTT,2015,8.9964,124.8617,21.2
Arjuna,Jawa Barat,2015,7.816666667,112.5666667,173.8
Ambon,Maluku,2015,-3.6941,128.17627,2.8
Amamapare,Papua,2015,-4.82653,136.84068,1832.2
Waingapu,NTT,2014,-9.63969,120.25055,0
Ujung Pandang,Sulawesi Selatan,2014,5.133333333,119.4,680.4
Tuban,Jawa Timur,2014,-6.786842,111.8976,581.9
Ternate,Maluku Utara,2014,0.78066,127.38809,11.8
Tenau,NTT,2014,-10.1718,123.6075,4.7
Teluk Kasim/Salawati,Papua Barat,2014,1.3,131.0166667,0
Tanjung Santan,Kalimantan Timur,2014,8.733333333,109,569.3
Tanjung Sangata,Kalimantan Timur,2014,0.366666667,117.5666667,2897
Tanjung Priok,DKI Jakarta,2014,-6.10492,106.87615,42599.4
Tanjung Pinang,Kepulauan Riau,2014,0.92914,104.45295,13.2
Tanjung Perak,Jawa Timur,2014,7.216666667,112.7333333,13946.8
Tanjung Emas,Jawa Tengah,2014,6.883333333,110.4,5232.3
Sorong,Papua Barat,2014,-0.87802,131.24612,156.1
Soekarno Hatta 1,DKI Jakarta,2014,5.1225,119.4078,5418.6
Senipah,Kalimantan Timur,2014,0.95,117.1666667,892.2
Sekupang,Kepulauan Riau,2014,1.133333333,103.9166667,2923.8
Samarinda,Kalimantan Timur,2014,-0.50507,117.15071,4698.4
Pulau Sambu,Kepulauan Riau,2014,1.166666667,103.9,227.8
Pontianak,Kalimantan Barat,2014,-0.01847,109.33552,596.5
Pomalaa,Sulawesi Tenggara,2014,-4.23145,121.57935,272.3
Pantoloan,Sulawesi Tengah,2014,-0.69477,119.84041,118.6
Panjang,Lampung,2014,5.466666667,105.3166667,3856.7
Pangkalan Susu,Sumatera Utara,2014,4.116666667,98.21666667,0
Palembang0Plaju,Sumatera Selatan,2014,2.984722222,104.8347222,594.4
Palembang (Kertapati),Sumatera Selatan,2014,-2.178201,104.952,136
Pakanbaru/Rumbai,Riau,2014,0.5566,101.4507,0.5
Padang/Teluk Bayur,Sumatera Barat,2014,-8.53394,115.5086,2105.4
Ngurah Rai 1,Bali,2014,-8.75,115.1667,256.4
Musi River/Boom Baru,Sumatera Selatan,2014,2.981111111,104.7816667,2353.4
Merak,Banten,2014,5.95,106,533.2
Mamuju,Sulawesi Barat,2014,-2.66758,118.8942,152
Malili,Sulawesi Selatan,2014,-2.66317,120.98228,1038.3
Lingkas Tarakan,Kalimantan Utara,2014,3.283333333,117.6,809.7
Kupang,NTT,2014,-10.15375,123.59051,0
Kotabaru,Kalimantan Selatan,2014,3.233333333,116.2166667,3884
Kolaka,Sulawesi Tenggara,2014,4.0581,121.5851,6
Kabil/Panau,Kepulauan Riau,2014,1.352016667,104.1581722,2265.6
Hasanuddin 1,Sulawesi Selatan,2014,-5.14,119.4221,17.4
Dumai,Riau,2014,1.6861,101.44849,14020.8
Cirebon,Jawa Barat,2014,-6.70907,108.57073,5.6
Cilacap,Jawa Tengah,2014,-7.74913,109.01491,394.6
Cigading,Banten,2014,6.016666667,105.95,362.6
Bontang,Kalimantan Timur,2014,0.08553,117.48763,9484.6
Blang Lancang (Arun),Aceh,2014,5.233333333,97.1,501.2
Bitung,Sulawesi Utara,2014,1.4389,125.19403,833.2
"Bintuni, Papua",Papua Barat,2014,0.82175,133.586425,3787.3
Bima,NTB,2014,-8.44602,118.71591,307.1
Benoa/Loloan,Bali,2014,-8.74329,115.20943,40
Belawan,Sumatera Utara,2014,3.79246,98.71623,7808.1
Batu Ampar,Kepulauan Riau,2014,1.169719444,104.02,3686.4
Banjarmasin,Kalimantan Selatan,2014,-3.33321,114.5551,4047.2
Balongan,Jawa Barat,2014,6.360561111,108.3902806,316.4
Balikpapan,Kalimantan Timur,2014,-1.25527,116.81594,2933.7
Bade Irian Jaya,Papua,2014,7.1687,139.5937,72.2
Atapupu,NTT,2014,8.9964,124.8617,16.1
Arjuna,Jawa Barat,2014,7.816666667,112.5666667,529.8
Ambon,Maluku,2014,-3.6941,128.17627,111.6
Amamapare,Papua,2014,-4.82653,136.84068,1380.4
Waingapu,NTT,2013,-9.63969,120.25055,0
Ujung Pandang,Sulawesi Selatan,2013,5.133333333,119.4,605.7
Tuban,Jawa Timur,2013,-6.786842,111.8976,111.7
Ternate,Maluku Utara,2013,0.78066,127.38809,569.9
Tenau,NTT,2013,-10.1718,123.6075,10.9
Teluk Kasim/Salawati,Papua Barat,2013,1.3,131.0166667,41.4
Tanjung Santan,Kalimantan Timur,2013,8.733333333,109,1107.9
Tanjung Sangata,Kalimantan Timur,2013,0.366666667,117.5666667,3878.2
Tanjung Priok,DKI Jakarta,2013,-6.10492,106.87615,41708.5
Tanjung Pinang,Kepulauan Riau,2013,0.92914,104.45295,149.2
Tanjung Perak,Jawa Timur,2013,7.216666667,112.7333333,12649.8
Tanjung Emas,Jawa Tengah,2013,6.883333333,110.4,4697.3
Sorong,Papua Barat,2013,-0.87802,131.24612,203.2
Soekarno Hatta 1,DKI Jakarta,2013,5.1225,119.4078,5580.1
Senipah,Kalimantan Timur,2013,0.95,117.1666667,1123
Sekupang,Kepulauan Riau,2013,1.133333333,103.9166667,2931.1
Samarinda,Kalimantan Timur,2013,-0.50507,117.15071,5366.9
Pulau Sambu,Kepulauan Riau,2013,1.166666667,103.9,2404.9
Pontianak,Kalimantan Barat,2013,-0.01847,109.33552,893.5
Pomalaa,Sulawesi Tenggara,2013,-4.23145,121.57935,307.4
Pantoloan,Sulawesi Tengah,2013,-0.69477,119.84041,38.8
Panjang,Lampung,2013,5.466666667,105.3166667,3892.3
Pangkalan Susu,Sumatera Utara,2013,4.116666667,98.21666667,0
Palembang0Plaju,Sumatera Selatan,2013,2.984722222,104.8347222,845.4
Palembang (Kertapati),Sumatera Selatan,2013,-2.178201,104.952,90.9
Pakanbaru/Rumbai,Riau,2013,0.5566,101.4507,2.1
Padang/Teluk Bayur,Sumatera Barat,2013,-8.53394,115.5086,2208.6
Ngurah Rai 1,Bali,2013,-8.75,115.1667,277.3
Musi River/Boom Baru,Sumatera Selatan,2013,2.981111111,104.7816667,2979.3
Merak,Banten,2013,5.95,106,825.2
Mamuju,Sulawesi Barat,2013,-2.66758,118.8942,0
Malili,Sulawesi Selatan,2013,-2.66317,120.98228,924
Lingkas Tarakan,Kalimantan Utara,2013,3.283333333,117.6,835.6
Kupang,NTT,2013,-10.15375,123.59051,0
Kotabaru,Kalimantan Selatan,2013,3.233333333,116.2166667,4162.8
Kolaka,Sulawesi Tenggara,2013,4.0581,121.5851,101.8
Kabil/Panau,Kepulauan Riau,2013,1.352016667,104.1581722,2096.7
Hasanuddin 1,Sulawesi Selatan,2013,-5.14,119.4221,21.2
Dumai,Riau,2013,1.6861,101.44849,14195.7
Cirebon,Jawa Barat,2013,-6.70907,108.57073,17.1
Cilacap,Jawa Tengah,2013,-7.74913,109.01491,622.4
Cigading,Banten,2013,6.016666667,105.95,103.2
Bontang,Kalimantan Timur,2013,0.08553,117.48763,11566.6
Blang Lancang (Arun),Aceh,2013,5.233333333,97.1,930.4
Bitung,Sulawesi Utara,2013,1.4389,125.19403,665.4
"Bintuni, Papua",Papua Barat,2013,0.82175,133.586425,3198.6
Bima,NTB,2013,-8.44602,118.71591,399.9
Benoa/Loloan,Bali,2013,-8.74329,115.20943,49.3
Belawan,Sumatera Utara,2013,3.79246,98.71623,7982.3
Batu Ampar,Kepulauan Riau,2013,1.169719444,104.02,4036.8
Banjarmasin,Kalimantan Selatan,2013,-3.33321,114.5551,4318.9
Balongan,Jawa Barat,2013,6.360561111,108.3902806,425.6
Balikpapan,Kalimantan Timur,2013,-1.25527,116.81594,3066.9
Bade Irian Jaya,Papua,2013,7.1687,139.5937,63.3
Atapupu,NTT,2013,8.9964,124.8617,9
Arjuna,Jawa Barat,2013,7.816666667,112.5666667,0
Ambon,Maluku,2013,-3.6941,128.17627,134.3
Amamapare,Papua,2013,-4.82653,136.84068,2609.3
Waingapu,NTT,2012,-9.63969,120.25055,0
Ujung Pandang,Sulawesi Selatan,2012,5.133333333,119.4,547.9
Tuban,Jawa Timur,2012,-6.786842,111.8976,328.8
Ternate,Maluku Utara,2012,0.78066,127.38809,368.9
Tenau,NTT,2012,-10.1718,123.6075,36.6
Teluk Kasim/Salawati,Papua Barat,2012,1.3,131.0166667,14
Tanjung Santan,Kalimantan Timur,2012,8.733333333,109,1307.7
Tanjung Sangata,Kalimantan Timur,2012,0.366666667,117.5666667,3134.5
Tanjung Priok,DKI Jakarta,2012,-6.10492,106.87615,42697.3
Tanjung Pinang,Kepulauan Riau,2012,0.92914,104.45295,79.4
Tanjung Perak,Jawa Timur,2012,7.216666667,112.7333333,13228.4
Tanjung Emas,Jawa Tengah,2012,6.883333333,110.4,4423.9
Sorong,Papua Barat,2012,-0.87802,131.24612,222.4
Soekarno Hatta 1,DKI Jakarta,2012,5.1225,119.4078,5320.9
Senipah,Kalimantan Timur,2012,0.95,117.1666667,1013
Sekupang,Kepulauan Riau,2012,1.133333333,103.9166667,2660.6
Samarinda,Kalimantan Timur,2012,-0.50507,117.15071,6025.8
Pulau Sambu,Kepulauan Riau,2012,1.166666667,103.9,2119.4
Pontianak,Kalimantan Barat,2012,-0.01847,109.33552,964.1
Pomalaa,Sulawesi Tenggara,2012,-4.23145,121.57935,486.3
Pantoloan,Sulawesi Tengah,2012,-0.69477,119.84041,85.1
Panjang,Lampung,2012,5.466666667,105.3166667,3698.4
Pangkalan Susu,Sumatera Utara,2012,4.116666667,98.21666667,0
Palembang0Plaju,Sumatera Selatan,2012,2.984722222,104.8347222,642.4
Palembang (Kertapati),Sumatera Selatan,2012,-2.178201,104.952,99.4
Pakanbaru/Rumbai,Riau,2012,0.5566,101.4507,35.2
Padang/Teluk Bayur,Sumatera Barat,2012,-8.53394,115.5086,2362.9
Ngurah Rai 1,Bali,2012,-8.75,115.1667,301
Musi River/Boom Baru,Sumatera Selatan,2012,2.981111111,104.7816667,3629.9
Merak,Banten,2012,5.95,106,634
Mamuju,Sulawesi Barat,2012,-2.66758,118.8942,0
Malili,Sulawesi Selatan,2012,-2.66317,120.98228,949
Lingkas Tarakan,Kalimantan Utara,2012,3.283333333,117.6,738.7
Kupang,NTT,2012,-10.15375,123.59051,0
Kotabaru,Kalimantan Selatan,2012,3.233333333,116.2166667,4821.8
Kolaka,Sulawesi Tenggara,2012,4.0581,121.5851,107.9
Kabil/Panau,Kepulauan Riau,2012,1.352016667,104.1581722,1800.2
Hasanuddin 1,Sulawesi Selatan,2012,-5.14,119.4221,19.7
Dumai,Riau,2012,1.6861,101.44849,15516.8
Cirebon,Jawa Barat,2012,-6.70907,108.57073,4.3
Cilacap,Jawa Tengah,2012,-7.74913,109.01491,213.2
Cigading,Banten,2012,6.016666667,105.95,85.9
Bontang,Kalimantan Timur,2012,0.08553,117.48763,13577.9
Blang Lancang (Arun),Aceh,2012,5.233333333,97.1,1197.2
Bitung,Sulawesi Utara,2012,1.4389,125.19403,941.8
"Bintuni, Papua",Papua Barat,2012,0.82175,133.586425,3338.5
Bima,NTB,2012,-8.44602,118.71591,596.2
Benoa/Loloan,Bali,2012,-8.74329,115.20943,46
Belawan,Sumatera Utara,2012,3.79246,98.71623,8871.9
Batu Ampar,Kepulauan Riau,2012,1.169719444,104.02,3803.2
Banjarmasin,Kalimantan Selatan,2012,-3.33321,114.5551,4654.7
Balongan,Jawa Barat,2012,6.360561111,108.3902806,421.5
Balikpapan,Kalimantan Timur,2012,-1.25527,116.81594,3688.1
Bade Irian Jaya,Papua,2012,7.1687,139.5937,72.4
Atapupu,NTT,2012,8.9964,124.8617,7
Arjuna,Jawa Barat,2012,7.816666667,112.5666667,248.3
Ambon,Maluku,2012,-3.6941,128.17627,166.7
Amamapare,Papua,2012,-4.82653,136.84068,1996.8
Waingapu,NTT,2011,-9.63969,120.25055,0
Ujung Pandang,Sulawesi Selatan,2011,5.133333333,119.4,660.5
Tuban,Jawa Timur,2011,-6.786842,111.8976,2355.4
Ternate,Maluku Utara,2011,0.78066,127.38809,487.2
Tenau,NTT,2011,-10.1718,123.6075,7.7
Teluk Kasim/Salawati,Papua Barat,2011,1.3,131.0166667,34.2
Tanjung Santan,Kalimantan Timur,2011,8.733333333,109,1567.8
Tanjung Sangata,Kalimantan Timur,2011,0.366666667,117.5666667,3830.4
Tanjung Priok,DKI Jakarta,2011,-6.10492,106.87615,40079.1
Tanjung Pinang,Kepulauan Riau,2011,0.92914,104.45295,201
Tanjung Perak,Jawa Timur,2011,7.216666667,112.7333333,14609
Tanjung Emas,Jawa Tengah,2011,6.883333333,110.4,4166.8
Sorong,Papua Barat,2011,-0.87802,131.24612,194.4
Soekarno Hatta 1,DKI Jakarta,2011,5.1225,119.4078,6269.9
Senipah,Kalimantan Timur,2011,0.95,117.1666667,1032.6
Sekupang,Kepulauan Riau,2011,1.133333333,103.9166667,2722.5
Samarinda,Kalimantan Timur,2011,-0.50507,117.15071,6245.8
Pulau Sambu,Kepulauan Riau,2011,1.166666667,103.9,2213.3
Pontianak,Kalimantan Barat,2011,-0.01847,109.33552,1260.8
Pomalaa,Sulawesi Tenggara,2011,-4.23145,121.57935,720
Pantoloan,Sulawesi Tengah,2011,-0.69477,119.84041,147
Panjang,Lampung,2011,5.466666667,105.3166667,3222.6
Pangkalan Susu,Sumatera Utara,2011,4.116666667,98.21666667,0
Palembang0Plaju,Sumatera Selatan,2011,2.984722222,104.8347222,501.4
Palembang (Kertapati),Sumatera Selatan,2011,-2.178201,104.952,66.3
Pakanbaru/Rumbai,Riau,2011,0.5566,101.4507,109.3
Padang/Teluk Bayur,Sumatera Barat,2011,-8.53394,115.5086,3030
Ngurah Rai 1,Bali,2011,-8.75,115.1667,331.8
Musi River/Boom Baru,Sumatera Selatan,2011,2.981111111,104.7816667,4489.7
Merak,Banten,2011,5.95,106,917.1
Mamuju,Sulawesi Barat,2011,-2.66758,118.8942,2.7
Malili,Sulawesi Selatan,2011,-2.66317,120.98228,1221.3
Lingkas Tarakan,Kalimantan Utara,2011,3.283333333,117.6,392.1
Kupang,NTT,2011,-10.15375,123.59051,0
Kotabaru,Kalimantan Selatan,2011,3.233333333,116.2166667,4717.7
Kolaka,Sulawesi Tenggara,2011,4.0581,121.5851,38.4
Kabil/Panau,Kepulauan Riau,2011,1.352016667,104.1581722,1531.6
Hasanuddin 1,Sulawesi Selatan,2011,-5.14,119.4221,16.8
Dumai,Riau,2011,1.6861,101.44849,16485.3
Cirebon,Jawa Barat,2011,-6.70907,108.57073,2.8
Cilacap,Jawa Tengah,2011,-7.74913,109.01491,511.5
Cigading,Banten,2011,6.016666667,105.95,189.4
Bontang,Kalimantan Timur,2011,0.08553,117.48763,17079.8
Blang Lancang (Arun),Aceh,2011,5.233333333,97.1,1406.3
Bitung,Sulawesi Utara,2011,1.4389,125.19403,744
"Bintuni, Papua",Papua Barat,2011,0.82175,133.586425,2738.5
Bima,NTB,2011,-8.44602,118.71591,1136.3
Benoa/Loloan,Bali,2011,-8.74329,115.20943,43.6
Belawan,Sumatera Utara,2011,3.79246,98.71623,10057.7
Batu Ampar,Kepulauan Riau,2011,1.169719444,104.02,4677.9
Banjarmasin,Kalimantan Selatan,2011,-3.33321,114.5551,4899.3
Balongan,Jawa Barat,2011,6.360561111,108.3902806,511.1
Balikpapan,Kalimantan Timur,2011,-1.25527,116.81594,3274.4
Bade Irian Jaya,Papua,2011,7.1687,139.5937,75.5
Atapupu,NTT,2011,8.9964,124.8617,18
Arjuna,Jawa Barat,2011,7.816666667,112.5666667,498.6
Ambon,Maluku,2011,-3.6941,128.17627,134.9
Amamapare,Papua,2011,-4.82653,136.84068,3528.7
Waingapu,NTT,2010,-9.63969,120.25055,0
Ujung Pandang,Sulawesi Selatan,2010,5.133333333,119.4,867.1
Tuban,Jawa Timur,2010,-6.786842,111.8976,1823.3
Ternate,Maluku Utara,2010,0.78066,127.38809,275
Tenau,NTT,2010,-10.1718,123.6075,12.7
Teluk Kasim/Salawati,Papua Barat,2010,1.3,131.0166667,73.8
Tanjung Santan,Kalimantan Timur,2010,8.733333333,109,839.1
Tanjung Sangata,Kalimantan Timur,2010,0.366666667,117.5666667,2859.4
Tanjung Priok,DKI Jakarta,2010,-6.10492,106.87615,34237.8
Tanjung Pinang,Kepulauan Riau,2010,0.92914,104.45295,191.6
Tanjung Perak,Jawa Timur,2010,7.216666667,112.7333333,12386.5
Tanjung Emas,Jawa Tengah,2010,6.883333333,110.4,3663.8
Sorong,Papua Barat,2010,-0.87802,131.24612,170.4
Soekarno Hatta 1,DKI Jakarta,2010,5.1225,119.4078,5282
Senipah,Kalimantan Timur,2010,0.95,117.1666667,858.4
Sekupang,Kepulauan Riau,2010,1.133333333,103.9166667,2154.7
Samarinda,Kalimantan Timur,2010,-0.50507,117.15071,4460.2
Pulau Sambu,Kepulauan Riau,2010,1.166666667,103.9,708.7
Pontianak,Kalimantan Barat,2010,-0.01847,109.33552,580.9
Pomalaa,Sulawesi Tenggara,2010,-4.23145,121.57935,454.5
Pantoloan,Sulawesi Tengah,2010,-0.69477,119.84041,320.4
Panjang,Lampung,2010,5.466666667,105.3166667,2467.4
Pangkalan Susu,Sumatera Utara,2010,4.116666667,98.21666667,0
Palembang0Plaju,Sumatera Selatan,2010,2.984722222,104.8347222,500.3
Palembang (Kertapati),Sumatera Selatan,2010,-2.178201,104.952,49.7
Pakanbaru/Rumbai,Riau,2010,0.5566,101.4507,84.1
Padang/Teluk Bayur,Sumatera Barat,2010,-8.53394,115.5086,2214.6
Ngurah Rai 1,Bali,2010,-8.75,115.1667,328.3
Musi River/Boom Baru,Sumatera Selatan,2010,2.981111111,104.7816667,2963.6
Merak,Banten,2010,5.95,106,790.8
Mamuju,Sulawesi Barat,2010,-2.66758,118.8942,24
Malili,Sulawesi Selatan,2010,-2.66317,120.98228,1429.6
Lingkas Tarakan,Kalimantan Utara,2010,3.283333333,117.6,453.8
Kupang,NTT,2010,-10.15375,123.59051,0
Kotabaru,Kalimantan Selatan,2010,3.233333333,116.2166667,2840.4
Kolaka,Sulawesi Tenggara,2010,4.0581,121.5851,7.4
Kabil/Panau,Kepulauan Riau,2010,1.352016667,104.1581722,1583.1
Hasanuddin 1,Sulawesi Selatan,2010,-5.14,119.4221,15.3
Dumai,Riau,2010,1.6861,101.44849,11770.9
Cirebon,Jawa Barat,2010,-6.70907,108.57073,0.9
Cilacap,Jawa Tengah,2010,-7.74913,109.01491,199.4
Cigading,Banten,2010,6.016666667,105.95,147.2
Bontang,Kalimantan Timur,2010,0.08553,117.48763,9893
Blang Lancang (Arun),Aceh,2010,5.233333333,97.1,1326.3
Bitung,Sulawesi Utara,2010,1.4389,125.19403,373.6
"Bintuni, Papua",Papua Barat,2010,0.82175,133.586425,1411.7
Bima,NTB,2010,-8.44602,118.71591,1994.2
Benoa/Loloan,Bali,2010,-8.74329,115.20943,43.8
Belawan,Sumatera Utara,2010,3.79246,98.71623,7429
Batu Ampar,Kepulauan Riau,2010,1.169719444,104.02,3690
Banjarmasin,Kalimantan Selatan,2010,-3.33321,114.5551,3499.3
Balongan,Jawa Barat,2010,6.360561111,108.3902806,345.3
Balikpapan,Kalimantan Timur,2010,-1.25527,116.81594,2912.9
Bade Irian Jaya,Papua,2010,7.1687,139.5937,121.7
Atapupu,NTT,2010,8.9964,124.8617,20.1
Arjuna,Jawa Barat,2010,7.816666667,112.5666667,595.3
Ambon,Maluku,2010,-3.6941,128.17627,130.4
Amamapare,Papua,2010,-4.82653,136.84068,4885.4
Waingapu,NTT,2009,-9.63969,120.25055,0
Ujung Pandang,Sulawesi Selatan,2009,5.133333333,119.4,713.2
Tuban,Jawa Timur,2009,-6.786842,111.8976,683.7
Ternate,Maluku Utara,2009,0.78066,127.38809,167.6
Tenau,NTT,2009,-10.1718,123.6075,8.8
Teluk Kasim/Salawati,Papua Barat,2009,1.3,131.0166667,154.4
Tanjung Santan,Kalimantan Timur,2009,8.733333333,109,963.9
Tanjung Sangata,Kalimantan Timur,2009,0.366666667,117.5666667,2238.6
Tanjung Priok,DKI Jakarta,2009,-6.10492,106.87615,28165.4
Tanjung Pinang,Kepulauan Riau,2009,0.92914,104.45295,90.7
Tanjung Perak,Jawa Timur,2009,7.216666667,112.7333333,9702
Tanjung Emas,Jawa Tengah,2009,6.883333333,110.4,2850.8
Sorong,Papua Barat,2009,-0.87802,131.24612,0
Soekarno Hatta 1,DKI Jakarta,2009,5.1225,119.4078,4243.1
Senipah,Kalimantan Timur,2009,0.95,117.1666667,763.6
Sekupang,Kepulauan Riau,2009,1.133333333,103.9166667,1701.2
Samarinda,Kalimantan Timur,2009,-0.50507,117.15071,2286.6
Pulau Sambu,Kepulauan Riau,2009,1.166666667,103.9,12.8
Pontianak,Kalimantan Barat,2009,-0.01847,109.33552,393.8
Pomalaa,Sulawesi Tenggara,2009,-4.23145,121.57935,279.1
Pantoloan,Sulawesi Tengah,2009,-0.69477,119.84041,244.1
Panjang,Lampung,2009,5.466666667,105.3166667,2258.7
Pangkalan Susu,Sumatera Utara,2009,4.116666667,98.21666667,0
Palembang0Plaju,Sumatera Selatan,2009,2.984722222,104.8347222,395.3
Palembang (Kertapati),Sumatera Selatan,2009,-2.178201,104.952,41.4
Pakanbaru/Rumbai,Riau,2009,0.5566,101.4507,27.5
Padang/Teluk Bayur,Sumatera Barat,2009,-8.53394,115.5086,1344.3
Ngurah Rai 1,Bali,2009,-8.75,115.1667,230.7
Musi River/Boom Baru,Sumatera Selatan,2009,2.981111111,104.7816667,1557.5
Merak,Banten,2009,5.95,106,567.4
Mamuju,Sulawesi Barat,2009,-2.66758,118.8942,60.4
Malili,Sulawesi Selatan,2009,-2.66317,120.98228,555.1
Lingkas Tarakan,Kalimantan Utara,2009,3.283333333,117.6,125.5
Kupang,NTT,2009,-10.15375,123.59051,0
Kotabaru,Kalimantan Selatan,2009,3.233333333,116.2166667,2443.4
Kolaka,Sulawesi Tenggara,2009,4.0581,121.5851,3.1
Kabil/Panau,Kepulauan Riau,2009,1.352016667,104.1581722,1292.1
Hasanuddin 1,Sulawesi Selatan,2009,-5.14,119.4221,8.4
Dumai,Riau,2009,1.6861,101.44849,8993.7
Cirebon,Jawa Barat,2009,-6.70907,108.57073,0.6
Cilacap,Jawa Tengah,2009,-7.74913,109.01491,208.2
Cigading,Banten,2009,6.016666667,105.95,59.8
Bontang,Kalimantan Timur,2009,0.08553,117.48763,7950
Blang Lancang (Arun),Aceh,2009,5.233333333,97.1,1035
Bitung,Sulawesi Utara,2009,1.4389,125.19403,396
"Bintuni, Papua",Papua Barat,2009,0.82175,133.586425,15
Bima,NTB,2009,-8.44602,118.71591,1243.9
Benoa/Loloan,Bali,2009,-8.74329,115.20943,22.9
Belawan,Sumatera Utara,2009,3.79246,98.71623,5369
Batu Ampar,Kepulauan Riau,2009,1.169719444,104.02,2548.5
Banjarmasin,Kalimantan Selatan,2009,-3.33321,114.5551,3117.9
Balongan,Jawa Barat,2009,6.360561111,108.3902806,148.7
Balikpapan,Kalimantan Timur,2009,-1.25527,116.81594,2177.8
Bade Irian Jaya,Papua,2009,7.1687,139.5937,0
Atapupu,NTT,2009,8.9964,124.8617,19.4
Arjuna,Jawa Barat,2009,7.816666667,112.5666667,268.8
Ambon,Maluku,2009,-3.6941,128.17627,69.5
Amamapare,Papua,2009,-4.82653,136.84068,3857.5
Waingapu,NTT,2008,-9.63969,120.25055,0
Ujung Pandang,Sulawesi Selatan,2008,5.133333333,119.4,709.7
Tuban,Jawa Timur,2008,-6.786842,111.8976,443
Ternate,Maluku Utara,2008,0.78066,127.38809,366.4
Tenau,NTT,2008,-10.1718,123.6075,12.4
Teluk Kasim/Salawati,Papua Barat,2008,1.3,131.0166667,107.9
Tanjung Santan,Kalimantan Timur,2008,8.733333333,109,2822
Tanjung Sangata,Kalimantan Timur,2008,0.366666667,117.5666667,1781.8
Tanjung Priok,DKI Jakarta,2008,-6.10492,106.87615,31693.2
Tanjung Pinang,Kepulauan Riau,2008,0.92914,104.45295,72.9
Tanjung Perak,Jawa Timur,2008,7.216666667,112.7333333,10513
Tanjung Emas,Jawa Tengah,2008,6.883333333,110.4,3160.3
Sorong,Papua Barat,2008,-0.87802,131.24612,0
Soekarno Hatta 1,DKI Jakarta,2008,5.1225,119.4078,4331.8
Senipah,Kalimantan Timur,2008,0.95,117.1666667,1214.9
Sekupang,Kepulauan Riau,2008,1.133333333,103.9166667,1297.1
Samarinda,Kalimantan Timur,2008,-0.50507,117.15071,1799.9
Pulau Sambu,Kepulauan Riau,2008,1.166666667,103.9,12.1
Pontianak,Kalimantan Barat,2008,-0.01847,109.33552,727.3
Pomalaa,Sulawesi Tenggara,2008,-4.23145,121.57935,527.7
Pantoloan,Sulawesi Tengah,2008,-0.69477,119.84041,307
Panjang,Lampung,2008,5.466666667,105.3166667,2743.7
Pangkalan Susu,Sumatera Utara,2008,4.116666667,98.21666667,0
Palembang0Plaju,Sumatera Selatan,2008,2.984722222,104.8347222,777.6
Palembang (Kertapati),Sumatera Selatan,2008,-2.178201,104.952,43.4
Pakanbaru/Rumbai,Riau,2008,0.5566,101.4507,21.4
Padang/Teluk Bayur,Sumatera Barat,2008,-8.53394,115.5086,2379.7
Ngurah Rai 1,Bali,2008,-8.75,115.1667,240.6
Musi River/Boom Baru,Sumatera Selatan,2008,2.981111111,104.7816667,2626.1
Merak,Banten,2008,5.95,106,595.4
Mamuju,Sulawesi Barat,2008,-2.66758,118.8942,25.6
Malili,Sulawesi Selatan,2008,-2.66317,120.98228,1381.1
Lingkas Tarakan,Kalimantan Utara,2008,3.283333333,117.6,135.2
Kupang,NTT,2008,-10.15375,123.59051,0.1
Kotabaru,Kalimantan Selatan,2008,3.233333333,116.2166667,1227.3
Kolaka,Sulawesi Tenggara,2008,4.0581,121.5851,10.8
Kabil/Panau,Kepulauan Riau,2008,1.352016667,104.1581722,1332.3
Hasanuddin 1,Sulawesi Selatan,2008,-5.14,119.4221,9.2
Dumai,Riau,2008,1.6861,101.44849,12453.2
Cirebon,Jawa Barat,2008,-6.70907,108.57073,0.3
Cilacap,Jawa Tengah,2008,-7.74913,109.01491,122.6
Cigading,Banten,2008,6.016666667,105.95,129.5
Bontang,Kalimantan Timur,2008,0.08553,117.48763,12764.8
Blang Lancang (Arun),Aceh,2008,5.233333333,97.1,2104.4
Bitung,Sulawesi Utara,2008,1.4389,125.19403,645.3
"Bintuni, Papua",Papua Barat,2008,0.82175,133.586425,0
Bima,NTB,2008,-8.44602,118.71591,741.4
Benoa/Loloan,Bali,2008,-8.74329,115.20943,26.9
Belawan,Sumatera Utara,2008,3.79246,98.71623,7873.3
Batu Ampar,Kepulauan Riau,2008,1.169719444,104.02,3451.8
Banjarmasin,Kalimantan Selatan,2008,-3.33321,114.5551,2284.8
Balongan,Jawa Barat,2008,6.360561111,108.3902806,195.1
Balikpapan,Kalimantan Timur,2008,-1.25527,116.81594,2917.1
Bade Irian Jaya,Papua,2008,7.1687,139.5937,0
Atapupu,NTT,2008,8.9964,124.8617,0
Arjuna,Jawa Barat,2008,7.816666667,112.5666667,180.6
Ambon,Maluku,2008,-3.6941,128.17627,106.4
Amamapare,Papua,2008,-4.82653,136.84068,2584.1
Waingapu,NTT,2007,-9.63969,120.25055,0
Ujung Pandang,Sulawesi Selatan,2007,5.133333333,119.4,591.4
Tuban,Jawa Timur,2007,-6.786842,111.8976,1572.3
Ternate,Maluku Utara,2007,0.78066,127.38809,486.2
Tenau,NTT,2007,-10.1718,123.6075,4.2
Teluk Kasim/Salawati,Papua Barat,2007,1.3,131.0166667,79.7
Tanjung Santan,Kalimantan Timur,2007,8.733333333,109,1635.3
Tanjung Sangata,Kalimantan Timur,2007,0.366666667,117.5666667,1304.8
Tanjung Priok,DKI Jakarta,2007,-6.10492,106.87615,28010.7
Tanjung Pinang,Kepulauan Riau,2007,0.92914,104.45295,145.8
Tanjung Perak,Jawa Timur,2007,7.216666667,112.7333333,10038.8
Tanjung Emas,Jawa Tengah,2007,6.883333333,110.4,3095.8
Sorong,Papua Barat,2007,-0.87802,131.24612,0
Soekarno Hatta 1,DKI Jakarta,2007,5.1225,119.4078,4116.5
Senipah,Kalimantan Timur,2007,0.95,117.1666667,493.9
Sekupang,Kepulauan Riau,2007,1.133333333,103.9166667,1239.2
Samarinda,Kalimantan Timur,2007,-0.50507,117.15071,1158.8
Pulau Sambu,Kepulauan Riau,2007,1.166666667,103.9,11.9
Pontianak,Kalimantan Barat,2007,-0.01847,109.33552,604.2
Pomalaa,Sulawesi Tenggara,2007,-4.23145,121.57935,399.7
Pantoloan,Sulawesi Tengah,2007,-0.69477,119.84041,197.8
Panjang,Lampung,2007,5.466666667,105.3166667,1540.5
Pangkalan Susu,Sumatera Utara,2007,4.116666667,98.21666667,0
Palembang0Plaju,Sumatera Selatan,2007,2.984722222,104.8347222,649.6
Palembang (Kertapati),Sumatera Selatan,2007,-2.178201,104.952,26.1
Pakanbaru/Rumbai,Riau,2007,0.5566,101.4507,34.6
Padang/Teluk Bayur,Sumatera Barat,2007,-8.53394,115.5086,1512.8
Ngurah Rai 1,Bali,2007,-8.75,115.1667,247.7
Musi River/Boom Baru,Sumatera Selatan,2007,2.981111111,104.7816667,2039.3
Merak,Banten,2007,5.95,106,391.2
Mamuju,Sulawesi Barat,2007,-2.66758,118.8942,19.6
Malili,Sulawesi Selatan,2007,-2.66317,120.98228,2113.2
Lingkas Tarakan,Kalimantan Utara,2007,3.283333333,117.6,103
Kupang,NTT,2007,-10.15375,123.59051,0
Kotabaru,Kalimantan Selatan,2007,3.233333333,116.2166667,1182.2
Kolaka,Sulawesi Tenggara,2007,4.0581,121.5851,5.5
Kabil/Panau,Kepulauan Riau,2007,1.352016667,104.1581722,1287
Hasanuddin 1,Sulawesi Selatan,2007,-5.14,119.4221,35.6
Dumai,Riau,2007,1.6861,101.44849,8974.2
Cirebon,Jawa Barat,2007,-6.70907,108.57073,0
Cilacap,Jawa Tengah,2007,-7.74913,109.01491,348
Cigading,Banten,2007,6.016666667,105.95,188.7
Bontang,Kalimantan Timur,2007,0.08553,117.48763,9006.5
Blang Lancang (Arun),Aceh,2007,5.233333333,97.1,1731.7
Bitung,Sulawesi Utara,2007,1.4389,125.19403,501.7
"Bintuni, Papua",Papua Barat,2007,0.82175,133.586425,0
Bima,NTB,2007,-8.44602,118.71591,1066.5
Benoa/Loloan,Bali,2007,-8.74329,115.20943,39.9
Belawan,Sumatera Utara,2007,3.79246,98.71623,5931.9
Batu Ampar,Kepulauan Riau,2007,1.169719444,104.02,3237.6
Banjarmasin,Kalimantan Selatan,2007,-3.33321,114.5551,1566.4
Balongan,Jawa Barat,2007,6.360561111,108.3902806,242.1
Balikpapan,Kalimantan Timur,2007,-1.25527,116.81594,2241.1
Bade Irian Jaya,Papua,2007,7.1687,139.5937,0
Atapupu,NTT,2007,8.9964,124.8617,0
Arjuna,Jawa Barat,2007,7.816666667,112.5666667,190
Ambon,Maluku,2007,-3.6941,128.17627,91.7
Amamapare,Papua,2007,-4.82653,136.84068,3109.2
Waingapu,NTT,2006,-9.63969,120.25055,1.8
Ujung Pandang,Sulawesi Selatan,2006,5.133333333,119.4,604.4
Tuban,Jawa Timur,2006,-6.786842,111.8976,525.1
Ternate,Maluku Utara,2006,0.78066,127.38809,3429.9
Tenau,NTT,2006,-10.1718,123.6075,10
Teluk Kasim/Salawati,Papua Barat,2006,1.3,131.0166667,82.1
Tanjung Santan,Kalimantan Timur,2006,8.733333333,109,1504.9
Tanjung Sangata,Kalimantan Timur,2006,0.366666667,117.5666667,1377.5
Tanjung Priok,DKI Jakarta,2006,-6.10492,106.87615,26076.1
Tanjung Pinang,Kepulauan Riau,2006,0.92914,104.45295,0
Tanjung Perak,Jawa Timur,2006,7.216666667,112.7333333,278.8
Tanjung Emas,Jawa Tengah,2006,6.883333333,110.4,704.8
Sorong,Papua Barat,2006,-0.87802,131.24612,0
Soekarno Hatta 1,DKI Jakarta,2006,5.1225,119.4078,3725.7
Senipah,Kalimantan Timur,2006,0.95,117.1666667,496.8
Sekupang,Kepulauan Riau,2006,1.133333333,103.9166667,1238.1
Samarinda,Kalimantan Timur,2006,-0.50507,117.15071,1015.9
Pulau Sambu,Kepulauan Riau,2006,1.166666667,103.9,0
Pontianak,Kalimantan Barat,2006,-0.01847,109.33552,540.6
Pomalaa,Sulawesi Tenggara,2006,-4.23145,121.57935,332.3
Pantoloan,Sulawesi Tengah,2006,-0.69477,119.84041,193.9
Panjang,Lampung,2006,5.466666667,105.3166667,1520.9
Pangkalan Susu,Sumatera Utara,2006,4.116666667,98.21666667,0
Palembang0Plaju,Sumatera Selatan,2006,2.984722222,104.8347222,986.1
Palembang (Kertapati),Sumatera Selatan,2006,-2.178201,104.952,0
Pakanbaru/Rumbai,Riau,2006,0.5566,101.4507,0
Padang/Teluk Bayur,Sumatera Barat,2006,-8.53394,115.5086,1073
Ngurah Rai 1,Bali,2006,-8.75,115.1667,264.1
Musi River/Boom Baru,Sumatera Selatan,2006,2.981111111,104.7816667,1186.3
Merak,Banten,2006,5.95,106,2839.2
Mamuju,Sulawesi Barat,2006,-2.66758,118.8942,18.9
Malili,Sulawesi Selatan,2006,-2.66317,120.98228,1189.9
Lingkas Tarakan,Kalimantan Utara,2006,3.283333333,117.6,0
Kupang,NTT,2006,-10.15375,123.59051,0
Kotabaru,Kalimantan Selatan,2006,3.233333333,116.2166667,1066.2
Kolaka,Sulawesi Tenggara,2006,4.0581,121.5851,17.5
Kabil/Panau,Kepulauan Riau,2006,1.352016667,104.1581722,869.9
Hasanuddin 1,Sulawesi Selatan,2006,-5.14,119.4221,37
Dumai,Riau,2006,1.6861,101.44849,6582.2
Cirebon,Jawa Barat,2006,-6.70907,108.57073,0
Cilacap,Jawa Tengah,2006,-7.74913,109.01491,8145.8
Cigading,Banten,2006,6.016666667,105.95,245.8
Bontang,Kalimantan Timur,2006,0.08553,117.48763,9074.5
Blang Lancang (Arun),Aceh,2006,5.233333333,97.1,1227.2
Bitung,Sulawesi Utara,2006,1.4389,125.19403,182.6
"Bintuni, Papua",Papua Barat,2006,0.82175,133.586425,0
Bima,NTB,2006,-8.44602,118.71591,1218.9
Benoa/Loloan,Bali,2006,-8.74329,115.20943,34.5
Belawan,Sumatera Utara,2006,3.79246,98.71623,4580.4
Batu Ampar,Kepulauan Riau,2006,1.169719444,104.02,2830.3
Banjarmasin,Kalimantan Selatan,2006,-3.33321,114.5551,1295.1
Balongan,Jawa Barat,2006,6.360561111,108.3902806,262
Balikpapan,Kalimantan Timur,2006,-1.25527,116.81594,2114.7
Bade Irian Jaya,Papua,2006,7.1687,139.5937,59.1
Atapupu,NTT,2006,8.9964,124.8617,0
Arjuna,Jawa Barat,2006,7.816666667,112.5666667,0
Ambon,Maluku,2006,-3.6941,128.17627,47.3
Amamapare,Papua,2006,-4.82653,136.84068,249.8
Waingapu,NTT,2005,-9.63969,120.25055,0
Ujung Pandang,Sulawesi Selatan,2005,5.133333333,119.4,450.9
Tuban,Jawa Timur,2005,-6.786842,111.8976,280.7
Ternate,Maluku Utara,2005,0.78066,127.38809,130.4
Tenau,NTT,2005,-10.1718,123.6075,16.8
Teluk Kasim/Salawati,Papua Barat,2005,1.3,131.0166667,79.2
Tanjung Santan,Kalimantan Timur,2005,8.733333333,109,1443.2
Tanjung Sangata,Kalimantan Timur,2005,0.366666667,117.5666667,958.5
Tanjung Priok,DKI Jakarta,2005,-6.10492,106.87615,24074.3
Tanjung Pinang,Kepulauan Riau,2005,0.92914,104.45295,0
Tanjung Perak,Jawa Timur,2005,7.216666667,112.7333333,6925.5
Tanjung Emas,Jawa Tengah,2005,6.883333333,110.4,2371.9
Sorong,Papua Barat,2005,-0.87802,131.24612,0
Soekarno Hatta 1,DKI Jakarta,2005,5.1225,119.4078,2875.9
Senipah,Kalimantan Timur,2005,0.95,117.1666667,734.5
Sekupang,Kepulauan Riau,2005,1.133333333,103.9166667,1395.8
Samarinda,Kalimantan Timur,2005,-0.50507,117.15071,719.7
Pulau Sambu,Kepulauan Riau,2005,1.166666667,103.9,0
Pontianak,Kalimantan Barat,2005,-0.01847,109.33552,398.9
Pomalaa,Sulawesi Tenggara,2005,-4.23145,121.57935,114.3
Pantoloan,Sulawesi Tengah,2005,-0.69477,119.84041,139.7
Panjang,Lampung,2005,5.466666667,105.3166667,1083
Pangkalan Susu,Sumatera Utara,2005,4.116666667,98.21666667,0
Palembang0Plaju,Sumatera Selatan,2005,2.984722222,104.8347222,220
Palembang (Kertapati),Sumatera Selatan,2005,-2.178201,104.952,0
Pakanbaru/Rumbai,Riau,2005,0.5566,101.4507,0
Padang/Teluk Bayur,Sumatera Barat,2005,-8.53394,115.5086,730.9
Ngurah Rai 1,Bali,2005,-8.75,115.1667,196
Musi River/Boom Baru,Sumatera Selatan,2005,2.981111111,104.7816667,922.1
Merak,Banten,2005,5.95,106,519.1
Mamuju,Sulawesi Barat,2005,-2.66758,118.8942,0.5
Malili,Sulawesi Selatan,2005,-2.66317,120.98228,927.7
Lingkas Tarakan,Kalimantan Utara,2005,3.283333333,117.6,0
Kupang,NTT,2005,-10.15375,123.59051,0
Kotabaru,Kalimantan Selatan,2005,3.233333333,116.2166667,1084.9
Kolaka,Sulawesi Tenggara,2005,4.0581,121.5851,10.5
Kabil/Panau,Kepulauan Riau,2005,1.352016667,104.1581722,711.7
Hasanuddin 1,Sulawesi Selatan,2005,-5.14,119.4221,15.1
Dumai,Riau,2005,1.6861,101.44849,5349.6
Cirebon,Jawa Barat,2005,-6.70907,108.57073,0
Cilacap,Jawa Tengah,2005,-7.74913,109.01491,284.2
Cigading,Banten,2005,6.016666667,105.95,190.9
Bontang,Kalimantan Timur,2005,0.08553,117.48763,8119.9
Blang Lancang (Arun),Aceh,2005,5.233333333,97.1,1013
Bitung,Sulawesi Utara,2005,1.4389,125.19403,335.9
"Bintuni, Papua",Papua Barat,2005,0.82175,133.586425,0
Bima,NTB,2005,-8.44602,118.71591,888.8
Benoa/Loloan,Bali,2005,-8.74329,115.20943,28.5
Belawan,Sumatera Utara,2005,3.79246,98.71623,3845.5
Batu Ampar,Kepulauan Riau,2005,1.169719444,104.02,2874.9
Banjarmasin,Kalimantan Selatan,2005,-3.33321,114.5551,977.9
Balongan,Jawa Barat,2005,6.360561111,108.3902806,278
Balikpapan,Kalimantan Timur,2005,-1.25527,116.81594,1804.3
Bade Irian Jaya,Papua,2005,7.1687,139.5937,15.4
Atapupu,NTT,2005,8.9964,124.8617,0
Arjuna,Jawa Barat,2005,7.816666667,112.5666667,0
Ambon,Maluku,2005,-3.6941,128.17627,23
Amamapare,Papua,2005,-4.82653,136.84068,2304.4
Waingapu,NTT,2004,-9.63969,120.25055,0
Ujung Pandang,Sulawesi Selatan,2004,5.133333333,119.4,319.2
Tuban,Jawa Timur,2004,-6.786842,111.8976,90
Ternate,Maluku Utara,2004,0.78066,127.38809,82.5
Tenau,NTT,2004,-10.1718,123.6075,8.9
Teluk Kasim/Salawati,Papua Barat,2004,1.3,131.0166667,72
Tanjung Santan,Kalimantan Timur,2004,8.733333333,109,886.8
Tanjung Sangata,Kalimantan Timur,2004,0.366666667,117.5666667,596.9
Tanjung Priok,DKI Jakarta,2004,-6.10492,106.87615,21696.4
Tanjung Pinang,Kepulauan Riau,2004,0.92914,104.45295,0
Tanjung Perak,Jawa Timur,2004,7.216666667,112.7333333,5974.3
Tanjung Emas,Jawa Tengah,2004,6.883333333,110.4,2001.3
Sorong,Papua Barat,2004,-0.87802,131.24612,0
Soekarno Hatta 1,DKI Jakarta,2004,5.1225,119.4078,2794.7
Senipah,Kalimantan Timur,2004,0.95,117.1666667,537.5
Sekupang,Kepulauan Riau,2004,1.133333333,103.9166667,1217.6
Samarinda,Kalimantan Timur,2004,-0.50507,117.15071,658.3
Pulau Sambu,Kepulauan Riau,2004,1.166666667,103.9,0
Pontianak,Kalimantan Barat,2004,-0.01847,109.33552,414.4
Pomalaa,Sulawesi Tenggara,2004,-4.23145,121.57935,82.5
Pantoloan,Sulawesi Tengah,2004,-0.69477,119.84041,139.3
Panjang,Lampung,2004,5.466666667,105.3166667,667.8
Pangkalan Susu,Sumatera Utara,2004,4.116666667,98.21666667,0
Palembang0Plaju,Sumatera Selatan,2004,2.984722222,104.8347222,162.3
Palembang (Kertapati),Sumatera Selatan,2004,-2.178201,104.952,0
Pakanbaru/Rumbai,Riau,2004,0.5566,101.4507,0
Padang/Teluk Bayur,Sumatera Barat,2004,-8.53394,115.5086,594.8
Ngurah Rai 1,Bali,2004,-8.75,115.1667,217.8
Musi River/Boom Baru,Sumatera Selatan,2004,2.981111111,104.7816667,859.7
Merak,Banten,2004,5.95,106,584.2
Mamuju,Sulawesi Barat,2004,-2.66758,118.8942,21
Malili,Sulawesi Selatan,2004,-2.66317,120.98228,736.2
Lingkas Tarakan,Kalimantan Utara,2004,3.283333333,117.6,0
Kupang,NTT,2004,-10.15375,123.59051,0
Kotabaru,Kalimantan Selatan,2004,3.233333333,116.2166667,770.4
Kolaka,Sulawesi Tenggara,2004,4.0581,121.5851,5
Kabil/Panau,Kepulauan Riau,2004,1.352016667,104.1581722,621.1
Hasanuddin 1,Sulawesi Selatan,2004,-5.14,119.4221,21.1
Dumai,Riau,2004,1.6861,101.44849,4536.9
Cirebon,Jawa Barat,2004,-6.70907,108.57073,0
Cilacap,Jawa Tengah,2004,-7.74913,109.01491,294.5
Cigading,Banten,2004,6.016666667,105.95,232.4
Bontang,Kalimantan Timur,2004,0.08553,117.48763,6443.5
Blang Lancang (Arun),Aceh,2004,5.233333333,97.1,1786.8
Bitung,Sulawesi Utara,2004,1.4389,125.19403,205.7
"Bintuni, Papua",Papua Barat,2004,0.82175,133.586425,0
Bima,NTB,2004,-8.44602,118.71591,837.1
Benoa/Loloan,Bali,2004,-8.74329,115.20943,18.9
Belawan,Sumatera Utara,2004,3.79246,98.71623,3648.2
Batu Ampar,Kepulauan Riau,2004,1.169719444,104.02,1968.7
Banjarmasin,Kalimantan Selatan,2004,-3.33321,114.5551,808.7
Balongan,Jawa Barat,2004,6.360561111,108.3902806,282.2
Balikpapan,Kalimantan Timur,2004,-1.25527,116.81594,1408.3
Bade Irian Jaya,Papua,2004,7.1687,139.5937,10.6
Atapupu,NTT,2004,8.9964,124.8617,0
Arjuna,Jawa Barat,2004,7.816666667,112.5666667,0
Ambon,Maluku,2004,-3.6941,128.17627,39
Amamapare,Papua,2004,-4.82653,136.84068,853.5
Waingapu,NTT,2003,-9.63969,120.25055,0
Ujung Pandang,Sulawesi Selatan,2003,5.133333333,119.4,332.7
Tuban,Jawa Timur,2003,-6.786842,111.8976,108.8
Ternate,Maluku Utara,2003,0.78066,127.38809,67.5
Tenau,NTT,2003,-10.1718,123.6075,21.5
Teluk Kasim/Salawati,Papua Barat,2003,1.3,131.0166667,75.4
Tanjung Santan,Kalimantan Timur,2003,8.733333333,109,552.3
Tanjung Sangata,Kalimantan Timur,2003,0.366666667,117.5666667,431.6
Tanjung Priok,DKI Jakarta,2003,-6.10492,106.87615,17999.5
Tanjung Pinang,Kepulauan Riau,2003,0.92914,104.45295,0
Tanjung Perak,Jawa Timur,2003,7.216666667,112.7333333,5282.4
Tanjung Emas,Jawa Tengah,2003,6.883333333,110.4,1768.3
Sorong,Papua Barat,2003,-0.87802,131.24612,0
Soekarno Hatta 1,DKI Jakarta,2003,5.1225,119.4078,2446.7
Senipah,Kalimantan Timur,2003,0.95,117.1666667,597.1
Sekupang,Kepulauan Riau,2003,1.133333333,103.9166667,1201
Samarinda,Kalimantan Timur,2003,-0.50507,117.15071,608.9
Pulau Sambu,Kepulauan Riau,2003,1.166666667,103.9,0
Pontianak,Kalimantan Barat,2003,-0.01847,109.33552,372.1
Pomalaa,Sulawesi Tenggara,2003,-4.23145,121.57935,70
Pantoloan,Sulawesi Tengah,2003,-0.69477,119.84041,142.5
Panjang,Lampung,2003,5.466666667,105.3166667,739.8
Pangkalan Susu,Sumatera Utara,2003,4.116666667,98.21666667,0
Palembang0Plaju,Sumatera Selatan,2003,2.984722222,104.8347222,163.8
Palembang (Kertapati),Sumatera Selatan,2003,-2.178201,104.952,0
Pakanbaru/Rumbai,Riau,2003,0.5566,101.4507,0
Padang/Teluk Bayur,Sumatera Barat,2003,-8.53394,115.5086,377.2
Ngurah Rai 1,Bali,2003,-8.75,115.1667,220.2
Musi River/Boom Baru,Sumatera Selatan,2003,2.981111111,104.7816667,655.2
Merak,Banten,2003,5.95,106,371.1
Mamuju,Sulawesi Barat,2003,-2.66758,118.8942,12.8
Malili,Sulawesi Selatan,2003,-2.66317,120.98228,190
Lingkas Tarakan,Kalimantan Utara,2003,3.283333333,117.6,0
Kupang,NTT,2003,-10.15375,123.59051,0
Kotabaru,Kalimantan Selatan,2003,3.233333333,116.2166667,491.6
Kolaka,Sulawesi Tenggara,2003,4.0581,121.5851,6.7
Kabil/Panau,Kepulauan Riau,2003,1.352016667,104.1581722,643.4
Hasanuddin 1,Sulawesi Selatan,2003,-5.14,119.4221,13.2
Dumai,Riau,2003,1.6861,101.44849,3997.6
Cirebon,Jawa Barat,2003,-6.70907,108.57073,0
Cilacap,Jawa Tengah,2003,-7.74913,109.01491,268
Cigading,Banten,2003,6.016666667,105.95,166.9
Bontang,Kalimantan Timur,2003,0.08553,117.48763,5448
Blang Lancang (Arun),Aceh,2003,5.233333333,97.1,1637.6
Bitung,Sulawesi Utara,2003,1.4389,125.19403,174.2
"Bintuni, Papua",Papua Barat,2003,0.82175,133.586425,0
Bima,NTB,2003,-8.44602,118.71591,450.4
Benoa/Loloan,Bali,2003,-8.74329,115.20943,5.3
Belawan,Sumatera Utara,2003,3.79246,98.71623,2217.1
Batu Ampar,Kepulauan Riau,2003,1.169719444,104.02,1664.5
Banjarmasin,Kalimantan Selatan,2003,-3.33321,114.5551,703.3
Balongan,Jawa Barat,2003,6.360561111,108.3902806,218.2
Balikpapan,Kalimantan Timur,2003,-1.25527,116.81594,1089.4
Bade Irian Jaya,Papua,2003,7.1687,139.5937,43
Atapupu,NTT,2003,8.9964,124.8617,0
Arjuna,Jawa Barat,2003,7.816666667,112.5666667,0
Ambon,Maluku,2003,-3.6941,128.17627,28.7
Amamapare,Papua,2003,-4.82653,136.84068,1342.6
Waingapu,NTT,2002,-9.63969,120.25055,1.3
Ujung Pandang,Sulawesi Selatan,2002,5.133333333,119.4,502.4
Tuban,Jawa Timur,2002,-6.786842,111.8976,70.2
Ternate,Maluku Utara,2002,0.78066,127.38809,55
Tenau,NTT,2002,-10.1718,123.6075,18.1
Teluk Kasim/Salawati,Papua Barat,2002,1.3,131.0166667,57.3
Tanjung Santan,Kalimantan Timur,2002,8.733333333,109,557.2
Tanjung Sangata,Kalimantan Timur,2002,0.366666667,117.5666667,432
Tanjung Priok,DKI Jakarta,2002,-6.10492,106.87615,17582.6
Tanjung Pinang,Kepulauan Riau,2002,0.92914,104.45295,0
Tanjung Perak,Jawa Timur,2002,7.216666667,112.7333333,4989.2
Tanjung Emas,Jawa Tengah,2002,6.883333333,110.4,1640.8
Sorong,Papua Barat,2002,-0.87802,131.24612,0
Soekarno Hatta 1,DKI Jakarta,2002,5.1225,119.4078,2372.1
Senipah,Kalimantan Timur,2002,0.95,117.1666667,422.3
Sekupang,Kepulauan Riau,2002,1.133333333,103.9166667,1152.1
Samarinda,Kalimantan Timur,2002,-0.50507,117.15071,578.5
Pulau Sambu,Kepulauan Riau,2002,1.166666667,103.9,0
Pontianak,Kalimantan Barat,2002,-0.01847,109.33552,347
Pomalaa,Sulawesi Tenggara,2002,-4.23145,121.57935,38.7
Pantoloan,Sulawesi Tengah,2002,-0.69477,119.84041,129.7
Panjang,Lampung,2002,5.466666667,105.3166667,531.5
Pangkalan Susu,Sumatera Utara,2002,4.116666667,98.21666667,0
Palembang0Plaju,Sumatera Selatan,2002,2.984722222,104.8347222,145.8
Palembang (Kertapati),Sumatera Selatan,2002,-2.178201,104.952,0
Pakanbaru/Rumbai,Riau,2002,0.5566,101.4507,0
Padang/Teluk Bayur,Sumatera Barat,2002,-8.53394,115.5086,307.6
Ngurah Rai 1,Bali,2002,-8.75,115.1667,234.5
Musi River/Boom Baru,Sumatera Selatan,2002,2.981111111,104.7816667,432.8
Merak,Banten,2002,5.95,106,287.5
Mamuju,Sulawesi Barat,2002,-2.66758,118.8942,0.2
Malili,Sulawesi Selatan,2002,-2.66317,120.98228,0
Lingkas Tarakan,Kalimantan Utara,2002,3.283333333,117.6,0
Kupang,NTT,2002,-10.15375,123.59051,0
Kotabaru,Kalimantan Selatan,2002,3.233333333,116.2166667,421.4
Kolaka,Sulawesi Tenggara,2002,4.0581,121.5851,0
Kabil/Panau,Kepulauan Riau,2002,1.352016667,104.1581722,676.9
Hasanuddin 1,Sulawesi Selatan,2002,-5.14,119.4221,22.5
Dumai,Riau,2002,1.6861,101.44849,3594.8
Cirebon,Jawa Barat,2002,-6.70907,108.57073,0
Cilacap,Jawa Tengah,2002,-7.74913,109.01491,201.3
Cigading,Banten,2002,6.016666667,105.95,116.3
Bontang,Kalimantan Timur,2002,0.08553,117.48763,4551.6
Blang Lancang (Arun),Aceh,2002,5.233333333,97.1,1476
Bitung,Sulawesi Utara,2002,1.4389,125.19403,66.1
"Bintuni, Papua",Papua Barat,2002,0.82175,133.586425,0
Bima,NTB,2002,-8.44602,118.71591,443.3
Benoa/Loloan,Bali,2002,-8.74329,115.20943,7.4
Belawan,Sumatera Utara,2002,3.79246,98.71623,2434
Batu Ampar,Kepulauan Riau,2002,1.169719444,104.02,1755.5
Banjarmasin,Kalimantan Selatan,2002,-3.33321,114.5551,637.1
Balongan,Jawa Barat,2002,6.360561111,108.3902806,84.5
Balikpapan,Kalimantan Timur,2002,-1.25527,116.81594,922.9
Bade Irian Jaya,Papua,2002,7.1687,139.5937,4.8
Atapupu,NTT,2002,8.9964,124.8617,0
Arjuna,Jawa Barat,2002,7.816666667,112.5666667,1303.6
Ambon,Maluku,2002,-3.6941,128.17627,9.1
Amamapare,Papua,2002,-4.82653,136.84068,1271.1
Waingapu,NTT,2001,-9.63969,120.25055,0
Ujung Pandang,Sulawesi Selatan,2001,5.133333333,119.4,378.9
Tuban,Jawa Timur,2001,-6.786842,111.8976,0
Ternate,Maluku Utara,2001,0.78066,127.38809,41
Tenau,NTT,2001,-10.1718,123.6075,0
Teluk Kasim/Salawati,Papua Barat,2001,1.3,131.0166667,45.7
Tanjung Santan,Kalimantan Timur,2001,8.733333333,109,0
Tanjung Sangata,Kalimantan Timur,2001,0.366666667,117.5666667,0
Tanjung Priok,DKI Jakarta,2001,-6.10492,106.87615,17567.5
Tanjung Pinang,Kepulauan Riau,2001,0.92914,104.45295,61.2
Tanjung Perak,Jawa Timur,2001,7.216666667,112.7333333,5507.7
Tanjung Emas,Jawa Tengah,2001,6.883333333,110.4,1641.1
Sorong,Papua Barat,2001,-0.87802,131.24612,52
Soekarno Hatta 1,DKI Jakarta,2001,5.1225,119.4078,0
Senipah,Kalimantan Timur,2001,0.95,117.1666667,372.7
Sekupang,Kepulauan Riau,2001,1.133333333,103.9166667,0
Samarinda,Kalimantan Timur,2001,-0.50507,117.15071,566
Pulau Sambu,Kepulauan Riau,2001,1.166666667,103.9,55.2
Pontianak,Kalimantan Barat,2001,-0.01847,109.33552,362.3
Pomalaa,Sulawesi Tenggara,2001,-4.23145,121.57935,67.3
Pantoloan,Sulawesi Tengah,2001,-0.69477,119.84041,70.1
Panjang,Lampung,2001,5.466666667,105.3166667,388.7
Pangkalan Susu,Sumatera Utara,2001,4.116666667,98.21666667,0.1
Palembang0Plaju,Sumatera Selatan,2001,2.984722222,104.8347222,0
Palembang (Kertapati),Sumatera Selatan,2001,-2.178201,104.952,0
Pakanbaru/Rumbai,Riau,2001,0.5566,101.4507,10.6
Padang/Teluk Bayur,Sumatera Barat,2001,-8.53394,115.5086,207.9
Ngurah Rai 1,Bali,2001,-8.75,115.1667,236.9
Musi River/Boom Baru,Sumatera Selatan,2001,2.981111111,104.7816667,366.6
Merak,Banten,2001,5.95,106,219.9
Mamuju,Sulawesi Barat,2001,-2.66758,118.8942,0
Malili,Sulawesi Selatan,2001,-2.66317,120.98228,156.3
Lingkas Tarakan,Kalimantan Utara,2001,3.283333333,117.6,120.3
Kupang,NTT,2001,-10.15375,123.59051,2
Kotabaru,Kalimantan Selatan,2001,3.233333333,116.2166667,0
Kolaka,Sulawesi Tenggara,2001,4.0581,121.5851,0
Kabil/Panau,Kepulauan Riau,2001,1.352016667,104.1581722,0
Hasanuddin 1,Sulawesi Selatan,2001,-5.14,119.4221,0
Dumai,Riau,2001,1.6861,101.44849,0
Cirebon,Jawa Barat,2001,-6.70907,108.57073,0.2
Cilacap,Jawa Tengah,2001,-7.74913,109.01491,212.8
Cigading,Banten,2001,6.016666667,105.95,0
Bontang,Kalimantan Timur,2001,0.08553,117.48763,5455.1
Blang Lancang (Arun),Aceh,2001,5.233333333,97.1,0
Bitung,Sulawesi Utara,2001,1.4389,125.19403,21.6
"Bintuni, Papua",Papua Barat,2001,0.82175,133.586425,21.7
Bima,NTB,2001,-8.44602,118.71591,0
Benoa/Loloan,Bali,2001,-8.74329,115.20943,11.6
Belawan,Sumatera Utara,2001,3.79246,98.71623,1896.6
Batu Ampar,Kepulauan Riau,2001,1.169719444,104.02,0
Banjarmasin,Kalimantan Selatan,2001,-3.33321,114.5551,605.8
Balongan,Jawa Barat,2001,6.360561111,108.3902806,0
Balikpapan,Kalimantan Timur,2001,-1.25527,116.81594,1206.9
Bade Irian Jaya,Papua,2001,7.1687,139.5937,0
Atapupu,NTT,2001,8.9964,124.8617,0
Arjuna,Jawa Barat,2001,7.816666667,112.5666667,129.5
Ambon,Maluku,2001,-3.6941,128.17627,0
Amamapare,Papua,2001,-4.82653,136.84068,1130.9
Waingapu,NTT,2000,-9.63969,120.25055,0
Ujung Pandang,Sulawesi Selatan,2000,5.133333333,119.4,337.6
Tuban,Jawa Timur,2000,-6.786842,111.8976,0
Ternate,Maluku Utara,2000,0.78066,127.38809,31.1
Tenau,NTT,2000,-10.1718,123.6075,0
Teluk Kasim/Salawati,Papua Barat,2000,1.3,131.0166667,93.2
Tanjung Santan,Kalimantan Timur,2000,8.733333333,109,0
Tanjung Sangata,Kalimantan Timur,2000,0.366666667,117.5666667,0
Tanjung Priok,DKI Jakarta,2000,-6.10492,106.87615,18817.2
Tanjung Pinang,Kepulauan Riau,2000,0.92914,104.45295,63.8
Tanjung Perak,Jawa Timur,2000,7.216666667,112.7333333,5419
Tanjung Emas,Jawa Tengah,2000,6.883333333,110.4,1794.4
Sorong,Papua Barat,2000,-0.87802,131.24612,80.3
Soekarno Hatta 1,DKI Jakarta,2000,5.1225,119.4078,0
Senipah,Kalimantan Timur,2000,0.95,117.1666667,290.5
Sekupang,Kepulauan Riau,2000,1.133333333,103.9166667,0
Samarinda,Kalimantan Timur,2000,-0.50507,117.15071,519.7
Pulau Sambu,Kepulauan Riau,2000,1.166666667,103.9,414.2
Pontianak,Kalimantan Barat,2000,-0.01847,109.33552,378.6
Pomalaa,Sulawesi Tenggara,2000,-4.23145,121.57935,96.2
Pantoloan,Sulawesi Tengah,2000,-0.69477,119.84041,60.2
Panjang,Lampung,2000,5.466666667,105.3166667,681.2
Pangkalan Susu,Sumatera Utara,2000,4.116666667,98.21666667,1.2
Palembang0Plaju,Sumatera Selatan,2000,2.984722222,104.8347222,0
Palembang (Kertapati),Sumatera Selatan,2000,-2.178201,104.952,0
Pakanbaru/Rumbai,Riau,2000,0.5566,101.4507,2.3
Padang/Teluk Bayur,Sumatera Barat,2000,-8.53394,115.5086,237.1
Ngurah Rai 1,Bali,2000,-8.75,115.1667,262.3
Musi River/Boom Baru,Sumatera Selatan,2000,2.981111111,104.7816667,445.7
Merak,Banten,2000,5.95,106,371.4
Mamuju,Sulawesi Barat,2000,-2.66758,118.8942,0
Malili,Sulawesi Selatan,2000,-2.66317,120.98228,181.9
Lingkas Tarakan,Kalimantan Utara,2000,3.283333333,117.6,79.6
Kupang,NTT,2000,-10.15375,123.59051,3.8
Kotabaru,Kalimantan Selatan,2000,3.233333333,116.2166667,0
Kolaka,Sulawesi Tenggara,2000,4.0581,121.5851,0
Kabil/Panau,Kepulauan Riau,2000,1.352016667,104.1581722,0
Hasanuddin 1,Sulawesi Selatan,2000,-5.14,119.4221,0
Dumai,Riau,2000,1.6861,101.44849,0
Cirebon,Jawa Barat,2000,-6.70907,108.57073,0.4
Cilacap,Jawa Tengah,2000,-7.74913,109.01491,263.5
Cigading,Banten,2000,6.016666667,105.95,0
Bontang,Kalimantan Timur,2000,0.08553,117.48763,5226.8
Blang Lancang (Arun),Aceh,2000,5.233333333,97.1,0
Bitung,Sulawesi Utara,2000,1.4389,125.19403,177.6
"Bintuni, Papua",Papua Barat,2000,0.82175,133.586425,20.4
Bima,NTB,2000,-8.44602,118.71591,0
Benoa/Loloan,Bali,2000,-8.74329,115.20943,14.3
Belawan,Sumatera Utara,2000,3.79246,98.71623,1962.9
Batu Ampar,Kepulauan Riau,2000,1.169719444,104.02,0
Banjarmasin,Kalimantan Selatan,2000,-3.33321,114.5551,615.5
Balongan,Jawa Barat,2000,6.360561111,108.3902806,0
Balikpapan,Kalimantan Timur,2000,-1.25527,116.81594,1105.3
Bade Irian Jaya,Papua,2000,7.1687,139.5937,0
Atapupu,NTT,2000,8.9964,124.8617,0
Arjuna,Jawa Barat,2000,7.816666667,112.5666667,132.7
Ambon,Maluku,2000,-3.6941,128.17627,0
Amamapare,Papua,2000,-4.82653,136.84068,1172.1
